time (s),distance (px)
0.0,752.7668961903147
0.03333333333333333,776.073450132138
0.06666666666666667,795.5105279001655
0.1,842.0213774008354
0.13333333333333333,885.0943452536571
0.16666666666666666,917.0387123780544
0.2,937.6406561151239
0.23333333333333334,948.2615672903759
0.26666666666666666,960.7835344134495
0.3,976.418455376587
0.3333333333333333,1006.0402576437982
0.36666666666666664,1032.0198641499107
0.4,1054.24190772327
0.43333333333333335,1065.5045753069294
0.4666666666666667,1073.3484988576636
0.5,1077.5012761013325
0.5333333333333333,1077.4646165884058
0.5666666666666667,1085.3888704054414
0.6,1100.272693471941
0.6333333333333333,1113.0291999763529
0.6666666666666666,1129.3737202538405
0.7,1141.7968295629482
0.7333333333333333,1149.4076735432038
0.7666666666666667,1155.4410413344335
0.8,1161.437471412043
0.8333333333333334,750.0
0.8666666666666667,750.0
0.9,750.0
0.9333333333333333,750.0
0.9666666666666667,750.0
1.0,750.0
1.0333333333333334,750.0
1.0666666666666667,750.0
1.1,750.0
1.1333333333333333,750.0
1.1666666666666667,1193.0653795999615
1.2,1188.663535236107
1.2333333333333334,1185.828402425916
1.2666666666666666,1189.1513780843884
1.3,1187.5571565192135
1.3333333333333333,1187.1920653373656
1.3666666666666667,1184.1304826749458
1.4,1181.2705024675763
1.4333333333333333,1180.1160959837807
1.4666666666666666,1178.492681351904
1.5,1179.2476415070755
1.5333333333333334,1179.946608961609
1.5666666666666667,1177.321111676844
1.6,1178.611471181237
1.6333333333333333,1178.2130537385842
1.6666666666666667,1173.9936115669454
1.7,1173.1005924472122
1.7333333333333334,1168.871678158043
1.7666666666666666,1169.3151841997092
1.8,1174.1081721885764
1.8333333333333333,1182.2495506448713
1.8666666666666667,1180.6074707539335
1.9,1180.46939816329
1.9333333333333333,1176.5428169004306
1.9666666666666666,1174.8608428235234
2.0,1173.5902180914768
2.033333333333333,1166.8594602607461
2.066666666666667,1167.9220864424133
2.1,1174.4700932761123
2.1333333333333333,750.0
2.1666666666666665,750.0
2.2,750.0
2.2333333333333334,750.0
2.2666666666666666,750.0
2.3,750.0
2.3333333333333335,750.0
2.3666666666666667,750.0
2.4,750.0
2.433333333333333,750.0
2.466666666666667,750.0
2.5,750.0
2.533333333333333,750.0
2.566666666666667,750.0
2.6,750.0
2.6333333333333333,750.0
2.6666666666666665,750.0
2.7,750.0
2.7333333333333334,750.0
2.7666666666666666,750.0
2.8,750.0
2.8333333333333335,750.0
2.8666666666666667,750.0
2.9,874.305438619708
2.933333333333333,857.7651193654356
2.966666666666667,842.2404644755558
3.0,819.8835283136258
3.033333333333333,817.3181754983796
3.066666666666667,803.5452694154823
3.1,782.1745329528442
3.1333333333333333,750.9700393491074
3.1666666666666665,719.4755034050846
3.2,702.0113959188982
3.2333333333333334,691.3559141281718
3.2666666666666666,677.5559017527631
3.3,677.8038064218879
3.3333333333333335,666.2762189962958
3.3666666666666667,644.715441105609
3.4,623.2335035923534
3.433333333333333,606.488252153329
3.466666666666667,599.6282181485458
3.5,590.3329568980542
3.533333333333333,553.2314163168971
3.566666666666667,580.4903099966441
3.6,566.4803615307419
3.6333333333333333,565.0805252351208
3.6666666666666665,612.2221818915091
3.7,651.5519933205638
3.7333333333333334,654.9656479541503
3.7666666666666666,644.3616996687497
3.8,658.6448208253064
3.8333333333333335,625.4318508039065
3.8666666666666667,599.9083263299485
3.9,582.8979327463771
3.933333333333333,603.252849143707
3.966666666666667,605.8976811310636
4.0,608.0370054527931
4.033333333333333,605.2478831024525
4.066666666666666,604.7024061470237
4.1,571.2241241404288
4.133333333333334,523.8940732629069
4.166666666666667,493.3153149862672
4.2,469.6913880411264
4.233333333333333,448.84964074843595
4.266666666666667,451.29701971096597
4.3,442.7392008846743
4.333333333333333,383.29362113137233
4.366666666666666,351.35309874825356
4.4,333.56858365259757
4.433333333333334,293.63923443572725
4.466666666666667,272.5472436110848
4.5,238.0756182392477
4.533333333333333,238.2120903732638
4.566666666666666,231.07790893982056
4.6,214.55302374937528
4.633333333333334,191.23022773609824
4.666666666666667,166.20770138594662
4.7,156.33937443907084
4.733333333333333,143.55835050598765
4.766666666666667,142.41137595009747
4.8,151.40013210033868
4.833333333333333,161.4094173212951
4.866666666666666,181.06904760339356
4.9,205.30221625691235
4.933333333333334,240.18534509832193
4.966666666666667,277.91365565585295
5.0,317.0141952657641
5.033333333333333,346.56024007378574
5.066666666666666,357.1120272407526
5.1,368.099171419877
5.133333333333334,376.19276973381614
5.166666666666667,384.08853146117235
5.2,382.0117799230804
5.233333333333333,381.69359439215117
5.266666666666667,375.4703716673261
5.3,382.51405202946466
5.333333333333333,373.3537196814838
5.366666666666666,365.6364314452268
5.4,362.42792386900874
5.433333333333334,341.2565017695634
5.466666666666667,327.00611615075337
5.5,294.11052344314373
5.533333333333333,270.60118255469615
5.566666666666666,750.0
5.6,750.0
5.633333333333334,750.0
5.666666666666667,750.0
5.7,750.0
5.733333333333333,750.0
5.766666666666667,750.0
5.8,750.0
5.833333333333333,750.0
5.866666666666666,750.0
5.9,750.0
5.933333333333334,750.0
5.966666666666667,750.0
6.0,750.0
6.033333333333333,750.0
6.066666666666666,750.0
6.1,750.0
6.133333333333334,750.0
6.166666666666667,750.0
6.2,750.0
6.233333333333333,750.0
6.266666666666667,750.0
6.3,750.0
6.333333333333333,750.0
6.366666666666666,750.0
6.4,750.0
6.433333333333334,750.0
6.466666666666667,750.0
6.5,750.0
6.533333333333333,750.0
6.566666666666666,750.0
6.6,750.0
6.633333333333334,750.0
6.666666666666667,750.0
6.7,750.0
6.733333333333333,750.0
6.766666666666667,750.0
6.8,750.0
6.833333333333333,750.0
6.866666666666666,750.0
6.9,750.0
6.933333333333334,750.0
6.966666666666667,750.0
7.0,750.0
7.033333333333333,750.0
7.066666666666666,750.0
7.1,750.0
7.133333333333334,750.0
7.166666666666667,750.0
7.2,750.0
7.233333333333333,750.0
7.266666666666667,750.0
7.3,750.0
7.333333333333333,750.0
7.366666666666666,750.0
7.4,750.0
7.433333333333334,750.0
7.466666666666667,750.0
7.5,750.0
7.533333333333333,750.0
7.566666666666666,750.0
7.6,750.0
7.633333333333334,750.0
7.666666666666667,750.0
7.7,750.0
7.733333333333333,750.0
7.766666666666667,750.0
7.8,750.0
7.833333333333333,750.0
7.866666666666666,750.0
7.9,750.0
7.933333333333334,750.0
7.966666666666667,750.0
8.0,750.0
8.033333333333333,750.0
8.066666666666666,750.0
8.1,750.0
8.133333333333333,750.0
8.166666666666666,750.0
8.2,750.0
8.233333333333333,750.0
8.266666666666667,750.0
8.3,750.0
8.333333333333334,750.0
8.366666666666667,750.0
8.4,750.0
8.433333333333334,750.0
8.466666666666667,750.0
8.5,750.0
8.533333333333333,750.0
8.566666666666666,750.0
8.6,750.0
8.633333333333333,750.0
8.666666666666666,750.0
8.7,750.0
8.733333333333333,750.0
8.766666666666667,750.0
8.8,750.0
8.833333333333334,750.0
8.866666666666667,750.0
8.9,750.0
8.933333333333334,750.0
8.966666666666667,750.0
9.0,750.0
9.033333333333333,750.0
9.066666666666666,750.0
9.1,750.0
9.133333333333333,750.0
9.166666666666666,750.0
9.2,750.0
9.233333333333333,750.0
9.266666666666667,750.0
9.3,750.0
9.333333333333334,750.0
9.366666666666667,750.0
9.4,750.0
9.433333333333334,750.0
9.466666666666667,750.0
9.5,750.0
9.533333333333333,750.0
9.566666666666666,750.0
9.6,750.0
9.633333333333333,750.0
9.666666666666666,750.0
9.7,750.0
9.733333333333333,369.10973977937783
9.766666666666667,395.37956446938426
9.8,750.0
9.833333333333334,750.0
9.866666666666667,750.0
9.9,750.0
9.933333333333334,750.0
9.966666666666667,750.0
10.0,750.0
10.033333333333333,750.0
10.066666666666666,750.0
10.1,750.0
10.133333333333333,750.0
10.166666666666666,750.0
10.2,750.0
10.233333333333333,750.0
10.266666666666667,750.0
10.3,750.0
10.333333333333334,750.0
10.366666666666667,750.0
10.4,938.2819405701039
10.433333333333334,750.0
10.466666666666667,750.0
10.5,750.0
10.533333333333333,1003.8969070576918
10.566666666666666,750.0
10.6,750.0
10.633333333333333,750.0
10.666666666666666,750.0
10.7,750.0
10.733333333333333,750.0
10.766666666666667,750.0
10.8,750.0
10.833333333333334,750.0
10.866666666666667,750.0
10.9,750.0
10.933333333333334,750.0
10.966666666666667,750.0
11.0,750.0
11.033333333333333,750.0
11.066666666666666,750.0
11.1,750.0
11.133333333333333,750.0
11.166666666666666,750.0
11.2,750.0
11.233333333333333,750.0
11.266666666666667,750.0
11.3,750.0
11.333333333333334,750.0
11.366666666666667,750.0
11.4,750.0
11.433333333333334,750.0
11.466666666666667,750.0
11.5,750.0
11.533333333333333,750.0
11.566666666666666,750.0
11.6,750.0
11.633333333333333,750.0
11.666666666666666,750.0
11.7,750.0
11.733333333333333,750.0
11.766666666666667,750.0
11.8,750.0
11.833333333333334,750.0
11.866666666666667,750.0
11.9,750.0
11.933333333333334,750.0
11.966666666666667,750.0
12.0,750.0
12.033333333333333,750.0
12.066666666666666,750.0
12.1,750.0
12.133333333333333,750.0
12.166666666666666,750.0
12.2,750.0
12.233333333333333,750.0
12.266666666666667,750.0
12.3,750.0
12.333333333333334,750.0
12.366666666666667,750.0
12.4,750.0
12.433333333333334,750.0
12.466666666666667,750.0
12.5,750.0
12.533333333333333,750.0
12.566666666666666,750.0
12.6,750.0
12.633333333333333,750.0
12.666666666666666,750.0
12.7,750.0
12.733333333333333,750.0
12.766666666666667,750.0
12.8,750.0
12.833333333333334,750.0
12.866666666666667,750.0
12.9,750.0
12.933333333333334,750.0
12.966666666666667,750.0
13.0,750.0
13.033333333333333,750.0
13.066666666666666,750.0
13.1,750.0
13.133333333333333,750.0
13.166666666666666,750.0
13.2,750.0
13.233333333333333,750.0
13.266666666666667,750.0
13.3,750.0
13.333333333333334,750.0
13.366666666666667,750.0
13.4,750.0
13.433333333333334,750.0
13.466666666666667,750.0
13.5,750.0
13.533333333333333,750.0
13.566666666666666,750.0
13.6,750.0
13.633333333333333,750.0
13.666666666666666,750.0
13.7,750.0
13.733333333333333,750.0
13.766666666666667,750.0
13.8,750.0
13.833333333333334,750.0
13.866666666666667,750.0
13.9,750.0
13.933333333333334,750.0
13.966666666666667,750.0
14.0,750.0
14.033333333333333,750.0
14.066666666666666,750.0
14.1,750.0
14.133333333333333,750.0
14.166666666666666,750.0
14.2,750.0
14.233333333333333,750.0
14.266666666666667,750.0
14.3,750.0
14.333333333333334,750.0
14.366666666666667,750.0
14.4,750.0
14.433333333333334,750.0
14.466666666666667,750.0
14.5,750.0
14.533333333333333,750.0
14.566666666666666,750.0
14.6,750.0
14.633333333333333,750.0
14.666666666666666,750.0
14.7,750.0
14.733333333333333,750.0
14.766666666666667,750.0
14.8,750.0
14.833333333333334,750.0
14.866666666666667,750.0
14.9,750.0
14.933333333333334,750.0
14.966666666666667,750.0
15.0,750.0
15.033333333333333,750.0
15.066666666666666,750.0
15.1,750.0
15.133333333333333,750.0
15.166666666666666,750.0
15.2,750.0
15.233333333333333,750.0
15.266666666666667,750.0
15.3,798.5912596566532
15.333333333333334,750.0
15.366666666666667,750.0
15.4,750.0
15.433333333333334,750.0
15.466666666666667,750.0
15.5,750.0
15.533333333333333,750.0
15.566666666666666,750.0
15.6,750.0
15.633333333333333,750.0
15.666666666666666,750.0
15.7,750.0
15.733333333333333,750.0
15.766666666666667,750.0
15.8,750.0
15.833333333333334,750.0
15.866666666666667,750.0
15.9,750.0
15.933333333333334,651.7929118976364
15.966666666666667,750.0
16.0,658.9840665752093
16.033333333333335,750.0
16.066666666666666,750.0
16.1,750.0
16.133333333333333,750.0
16.166666666666668,750.0
16.2,750.0
16.233333333333334,750.0
16.266666666666666,750.0
16.3,750.0
16.333333333333332,750.0
16.366666666666667,750.0
16.4,750.0
16.433333333333334,750.0
16.466666666666665,750.0
16.5,750.0
16.533333333333335,750.0
16.566666666666666,750.0
16.6,750.0
16.633333333333333,750.0
16.666666666666668,750.0
16.7,750.0
16.733333333333334,750.0
16.766666666666666,750.0
16.8,750.0
16.833333333333332,750.0
16.866666666666667,750.0
16.9,750.0
16.933333333333334,750.0
16.966666666666665,750.0
17.0,750.0
17.033333333333335,750.0
17.066666666666666,750.0
17.1,750.0
17.133333333333333,750.0
17.166666666666668,750.0
17.2,750.0
17.233333333333334,750.0
17.266666666666666,750.0
17.3,750.0
17.333333333333332,750.0
17.366666666666667,750.0
17.4,750.0
17.433333333333334,750.0
17.466666666666665,750.0
17.5,750.0
17.533333333333335,750.0
17.566666666666666,750.0
17.6,750.0
17.633333333333333,750.0
17.666666666666668,750.0
17.7,750.0
17.733333333333334,750.0
17.766666666666666,750.0
17.8,750.0
17.833333333333332,750.0
17.866666666666667,
17.9,750.0
17.933333333333334,750.0
17.966666666666665,750.0
18.0,750.0
18.033333333333335,750.0
18.066666666666666,750.0
18.1,750.0
18.133333333333333,750.0
18.166666666666668,750.0
18.2,750.0
18.233333333333334,750.0
18.266666666666666,750.0
18.3,750.0
18.333333333333332,750.0
18.366666666666667,750.0
18.4,750.0
18.433333333333334,750.0
18.466666666666665,750.0
18.5,750.0
18.533333333333335,750.0
18.566666666666666,750.0
18.6,750.0
18.633333333333333,750.0
18.666666666666668,750.0
18.7,750.0
18.733333333333334,
18.766666666666666,750.0
18.8,750.0
18.833333333333332,750.0
18.866666666666667,750.0
18.9,750.0
18.933333333333334,750.0
18.966666666666665,750.0
19.0,750.0
19.033333333333335,750.0
19.066666666666666,750.0
19.1,750.0
19.133333333333333,750.0
19.166666666666668,750.0
19.2,750.0
19.233333333333334,750.0
19.266666666666666,750.0
19.3,750.0
19.333333333333332,750.0
19.366666666666667,750.0
19.4,750.0
19.433333333333334,750.0
19.466666666666665,750.0
19.5,750.0
19.533333333333335,750.0
19.566666666666666,750.0
19.6,750.0
19.633333333333333,750.0
19.666666666666668,750.0
19.7,750.0
19.733333333333334,750.0
19.766666666666666,750.0
19.8,750.0
19.833333333333332,750.0
19.866666666666667,750.0
19.9,750.0
19.933333333333334,750.0
19.966666666666665,750.0
20.0,750.0
20.033333333333335,750.0
20.066666666666666,750.0
20.1,750.0
20.133333333333333,750.0
20.166666666666668,750.0
20.2,750.0
20.233333333333334,750.0
20.266666666666666,750.0
20.3,750.0
20.333333333333332,750.0
20.366666666666667,750.0
20.4,750.0
20.433333333333334,750.0
20.466666666666665,750.0
20.5,750.0
20.533333333333335,750.0
20.566666666666666,750.0
20.6,750.0
20.633333333333333,750.0
20.666666666666668,750.0
20.7,750.0
20.733333333333334,750.0
20.766666666666666,750.0
20.8,750.0
20.833333333333332,750.0
20.866666666666667,750.0
20.9,750.0
20.933333333333334,750.0
20.966666666666665,750.0
21.0,750.0
21.033333333333335,750.0
21.066666666666666,750.0
21.1,750.0
21.133333333333333,750.0
21.166666666666668,750.0
21.2,750.0
21.233333333333334,750.0
21.266666666666666,750.0
21.3,750.0
21.333333333333332,750.0
21.366666666666667,750.0
21.4,750.0
21.433333333333334,750.0
21.466666666666665,750.0
21.5,750.0
21.533333333333335,750.0
21.566666666666666,750.0
21.6,750.0
21.633333333333333,750.0
21.666666666666668,750.0
21.7,750.0
21.733333333333334,750.0
21.766666666666666,750.0
21.8,750.0
21.833333333333332,750.0
21.866666666666667,750.0
21.9,750.0
21.933333333333334,750.0
21.966666666666665,750.0
22.0,750.0
22.033333333333335,750.0
22.066666666666666,750.0
22.1,750.0
22.133333333333333,750.0
22.166666666666668,750.0
22.2,750.0
22.233333333333334,750.0
22.266666666666666,750.0
22.3,750.0
22.333333333333332,750.0
22.366666666666667,750.0
22.4,750.0
22.433333333333334,750.0
22.466666666666665,750.0
22.5,750.0
22.533333333333335,750.0
22.566666666666666,750.0
22.6,750.0
22.633333333333333,750.0
22.666666666666668,750.0
22.7,750.0
22.733333333333334,750.0
22.766666666666666,750.0
22.8,750.0
22.833333333333332,750.0
22.866666666666667,750.0
22.9,750.0
22.933333333333334,750.0
22.966666666666665,750.0
23.0,750.0
23.033333333333335,750.0
23.066666666666666,750.0
23.1,750.0
23.133333333333333,750.0
23.166666666666668,750.0
23.2,750.0
23.233333333333334,750.0
23.266666666666666,750.0
23.3,750.0
23.333333333333332,750.0
23.366666666666667,750.0
23.4,750.0
23.433333333333334,750.0
23.466666666666665,750.0
23.5,750.0
23.533333333333335,750.0
23.566666666666666,750.0
23.6,750.0
23.633333333333333,750.0
23.666666666666668,750.0
23.7,750.0
23.733333333333334,750.0
23.766666666666666,750.0
23.8,750.0
23.833333333333332,750.0
23.866666666666667,750.0
23.9,750.0
23.933333333333334,750.0
23.966666666666665,750.0
24.0,750.0
24.033333333333335,750.0
24.066666666666666,750.0
24.1,750.0
24.133333333333333,750.0
24.166666666666668,750.0
24.2,750.0
24.233333333333334,750.0
24.266666666666666,750.0
24.3,750.0
24.333333333333332,750.0
24.366666666666667,750.0
24.4,750.0
24.433333333333334,750.0
24.466666666666665,750.0
24.5,750.0
24.533333333333335,750.0
24.566666666666666,750.0
24.6,750.0
24.633333333333333,750.0
24.666666666666668,750.0
24.7,750.0
24.733333333333334,750.0
24.766666666666666,750.0
24.8,750.0
24.833333333333332,750.0
24.866666666666667,750.0
24.9,750.0
24.933333333333334,750.0
24.966666666666665,750.0
25.0,750.0
25.033333333333335,750.0
25.066666666666666,750.0
25.1,750.0
25.133333333333333,750.0
25.166666666666668,750.0
25.2,750.0
25.233333333333334,750.0
25.266666666666666,750.0
25.3,750.0
25.333333333333332,750.0
25.366666666666667,750.0
25.4,750.0
25.433333333333334,750.0
25.466666666666665,750.0
25.5,750.0
25.533333333333335,750.0
25.566666666666666,750.0
25.6,750.0
25.633333333333333,750.0
25.666666666666668,750.0
25.7,750.0
25.733333333333334,750.0
25.766666666666666,750.0
25.8,750.0
25.833333333333332,750.0
25.866666666666667,750.0
25.9,750.0
25.933333333333334,750.0
25.966666666666665,750.0
26.0,750.0
26.033333333333335,750.0
26.066666666666666,750.0
26.1,750.0
26.133333333333333,750.0
26.166666666666668,750.0
26.2,750.0
26.233333333333334,750.0
26.266666666666666,750.0
26.3,750.0
26.333333333333332,750.0
26.366666666666667,750.0
26.4,750.0
26.433333333333334,750.0
26.466666666666665,750.0
26.5,750.0
26.533333333333335,750.0
26.566666666666666,725.7823365169478
26.6,720.6420748193933
26.633333333333333,719.7735755082983
26.666666666666668,720.9022125087424
26.7,750.0
26.733333333333334,750.0
26.766666666666666,750.0
26.8,750.0
26.833333333333332,750.0
26.866666666666667,750.0
26.9,750.0
26.933333333333334,750.0
26.966666666666665,750.0
27.0,750.0
27.033333333333335,750.0
27.066666666666666,750.0
27.1,750.0
27.133333333333333,750.0
27.166666666666668,750.0
27.2,750.0
27.233333333333334,750.0
27.266666666666666,750.0
27.3,750.0
27.333333333333332,750.0
27.366666666666667,750.0
27.4,750.0
27.433333333333334,750.0
27.466666666666665,750.0
27.5,750.0
27.533333333333335,750.0
27.566666666666666,750.0
27.6,750.0
27.633333333333333,750.0
27.666666666666668,750.0
27.7,750.0
27.733333333333334,750.0
27.766666666666666,750.0
27.8,750.0
27.833333333333332,750.0
27.866666666666667,750.0
27.9,750.0
27.933333333333334,750.0
27.966666666666665,750.0
28.0,750.0
28.033333333333335,750.0
28.066666666666666,750.0
28.1,750.0
28.133333333333333,750.0
28.166666666666668,750.0
28.2,750.0
28.233333333333334,750.0
28.266666666666666,750.0
28.3,750.0
28.333333333333332,750.0
28.366666666666667,750.0
28.4,750.0
28.433333333333334,750.0
28.466666666666665,750.0
28.5,750.0
28.533333333333335,750.0
28.566666666666666,750.0
28.6,750.0
28.633333333333333,750.0
28.666666666666668,750.0
28.7,750.0
28.733333333333334,750.0
28.766666666666666,750.0
28.8,750.0
28.833333333333332,750.0
28.866666666666667,750.0
28.9,750.0
28.933333333333334,750.0
28.966666666666665,750.0
29.0,750.0
29.033333333333335,750.0
29.066666666666666,750.0
29.1,750.0
29.133333333333333,750.0
29.166666666666668,750.0
29.2,750.0
29.233333333333334,750.0
29.266666666666666,750.0
29.3,750.0
29.333333333333332,750.0
29.366666666666667,750.0
29.4,750.0
29.433333333333334,750.0
29.466666666666665,750.0
29.5,750.0
29.533333333333335,750.0
29.566666666666666,750.0
29.6,750.0
29.633333333333333,750.0
29.666666666666668,750.0
29.7,750.0
29.733333333333334,750.0
29.766666666666666,750.0
29.8,750.0
29.833333333333332,750.0
29.866666666666667,750.0
29.9,750.0
29.933333333333334,750.0
29.966666666666665,750.0
30.0,750.0
30.033333333333335,750.0
30.066666666666666,750.0
30.1,750.0
30.133333333333333,750.0
30.166666666666668,750.0
30.2,750.0
30.233333333333334,750.0
30.266666666666666,750.0
30.3,750.0
30.333333333333332,750.0
30.366666666666667,750.0
30.4,750.0
30.433333333333334,750.0
30.466666666666665,750.0
30.5,750.0
30.533333333333335,750.0
30.566666666666666,750.0
30.6,750.0
30.633333333333333,750.0
30.666666666666668,750.0
30.7,750.0
30.733333333333334,750.0
30.766666666666666,750.0
30.8,750.0
30.833333333333332,750.0
30.866666666666667,750.0
30.9,750.0
30.933333333333334,750.0
30.966666666666665,750.0
31.0,750.0
31.033333333333335,750.0
31.066666666666666,750.0
31.1,750.0
31.133333333333333,750.0
31.166666666666668,750.0
31.2,750.0
31.233333333333334,750.0
31.266666666666666,750.0
31.3,750.0
31.333333333333332,750.0
31.366666666666667,750.0
31.4,750.0
31.433333333333334,750.0
31.466666666666665,750.0
31.5,750.0
31.533333333333335,750.0
31.566666666666666,750.0
31.6,750.0
31.633333333333333,750.0
31.666666666666668,750.0
31.7,750.0
31.733333333333334,750.0
31.766666666666666,750.0
31.8,750.0
31.833333333333332,750.0
31.866666666666667,750.0
31.9,750.0
31.933333333333334,750.0
31.966666666666665,750.0
32.0,750.0
32.03333333333333,750.0
32.06666666666667,750.0
32.1,750.0
32.13333333333333,750.0
32.166666666666664,750.0
32.2,750.0
32.233333333333334,750.0
32.266666666666666,750.0
32.3,750.0
32.333333333333336,750.0
32.36666666666667,750.0
32.4,750.0
32.43333333333333,750.0
32.46666666666667,750.0
32.5,750.0
32.53333333333333,750.0
32.56666666666667,750.0
32.6,750.0
32.63333333333333,750.0
32.666666666666664,750.0
32.7,750.0
32.733333333333334,750.0
32.766666666666666,750.0
32.8,750.0
32.833333333333336,750.0
32.86666666666667,750.0
32.9,750.0
32.93333333333333,750.0
32.96666666666667,750.0
33.0,750.0
33.03333333333333,750.0
33.06666666666667,750.0
33.1,750.0
33.13333333333333,750.0
33.166666666666664,750.0
33.2,750.0
33.233333333333334,750.0
33.266666666666666,750.0
33.3,750.0
33.333333333333336,750.0
33.36666666666667,750.0
33.4,750.0
33.43333333333333,750.0
33.46666666666667,750.0
33.5,750.0
33.53333333333333,750.0
33.56666666666667,750.0
33.6,750.0
33.63333333333333,750.0
33.666666666666664,750.0
33.7,750.0
33.733333333333334,750.0
33.766666666666666,750.0
33.8,750.0
33.833333333333336,750.0
33.86666666666667,750.0
33.9,750.0
33.93333333333333,750.0
33.96666666666667,750.0
34.0,750.0
34.03333333333333,750.0
34.06666666666667,750.0
34.1,750.0
34.13333333333333,750.0
34.166666666666664,750.0
34.2,750.0
34.233333333333334,750.0
34.266666666666666,750.0
34.3,750.0
34.333333333333336,750.0
34.36666666666667,750.0
34.4,750.0
34.43333333333333,750.0
34.46666666666667,750.0
34.5,750.0
34.53333333333333,750.0
34.56666666666667,750.0
34.6,750.0
34.63333333333333,750.0
34.666666666666664,750.0
34.7,750.0
34.733333333333334,750.0
34.766666666666666,750.0
34.8,750.0
34.833333333333336,750.0
34.86666666666667,750.0
34.9,750.0
34.93333333333333,750.0
34.96666666666667,750.0
35.0,750.0
35.03333333333333,750.0
35.06666666666667,750.0
35.1,750.0
35.13333333333333,750.0
35.166666666666664,750.0
35.2,750.0
35.233333333333334,750.0
35.266666666666666,750.0
35.3,750.0
35.333333333333336,750.0
35.36666666666667,750.0
35.4,750.0
35.43333333333333,750.0
35.46666666666667,750.0
35.5,750.0
35.53333333333333,750.0
35.56666666666667,750.0
35.6,750.0
35.63333333333333,750.0
35.666666666666664,750.0
35.7,750.0
35.733333333333334,750.0
35.766666666666666,750.0
35.8,750.0
35.833333333333336,750.0
35.86666666666667,750.0
35.9,750.0
35.93333333333333,750.0
35.96666666666667,750.0
36.0,750.0
36.03333333333333,750.0
36.06666666666667,750.0
36.1,750.0
36.13333333333333,750.0
36.166666666666664,750.0
36.2,750.0
36.233333333333334,750.0
36.266666666666666,750.0
36.3,750.0
36.333333333333336,750.0
36.36666666666667,750.0
36.4,750.0
36.43333333333333,750.0
36.46666666666667,750.0
36.5,750.0
36.53333333333333,750.0
36.56666666666667,750.0
36.6,750.0
36.63333333333333,750.0
36.666666666666664,750.0
36.7,750.0
36.733333333333334,750.0
36.766666666666666,750.0
36.8,750.0
36.833333333333336,750.0
36.86666666666667,750.0
36.9,750.0
36.93333333333333,750.0
36.96666666666667,750.0
37.0,750.0
37.03333333333333,750.0
37.06666666666667,750.0
37.1,750.0
37.13333333333333,750.0
37.166666666666664,750.0
37.2,750.0
37.233333333333334,750.0
37.266666666666666,750.0
37.3,750.0
37.333333333333336,750.0
37.36666666666667,750.0
37.4,750.0
37.43333333333333,750.0
37.46666666666667,750.0
37.5,750.0
37.53333333333333,750.0
37.56666666666667,750.0
37.6,750.0
37.63333333333333,750.0
37.666666666666664,750.0
37.7,750.0
37.733333333333334,750.0
37.766666666666666,750.0
37.8,750.0
37.833333333333336,750.0
37.86666666666667,750.0
37.9,750.0
37.93333333333333,750.0
37.96666666666667,
38.0,750.0
38.03333333333333,750.0
38.06666666666667,750.0
38.1,750.0
38.13333333333333,750.0
38.166666666666664,750.0
38.2,750.0
38.233333333333334,750.0
38.266666666666666,750.0
38.3,750.0
38.333333333333336,750.0
38.36666666666667,750.0
38.4,750.0
38.43333333333333,750.0
38.46666666666667,750.0
38.5,750.0
38.53333333333333,750.0
38.56666666666667,750.0
38.6,750.0
38.63333333333333,750.0
38.666666666666664,750.0
38.7,750.0
38.733333333333334,750.0
38.766666666666666,750.0
38.8,750.0
38.833333333333336,750.0
38.86666666666667,750.0
38.9,750.0
38.93333333333333,750.0
38.96666666666667,750.0
39.0,750.0
39.03333333333333,750.0
39.06666666666667,750.0
39.1,750.0
39.13333333333333,750.0
39.166666666666664,750.0
39.2,750.0
39.233333333333334,750.0
39.266666666666666,750.0
39.3,750.0
39.333333333333336,750.0
39.36666666666667,
39.4,750.0
39.43333333333333,750.0
39.46666666666667,750.0
39.5,750.0
39.53333333333333,750.0
39.56666666666667,750.0
39.6,750.0
39.63333333333333,750.0
39.666666666666664,750.0
39.7,750.0
39.733333333333334,750.0
39.766666666666666,750.0
39.8,750.0
39.833333333333336,750.0
39.86666666666667,750.0
39.9,750.0
39.93333333333333,750.0
39.96666666666667,750.0
40.0,750.0
40.03333333333333,750.0
40.06666666666667,750.0
40.1,750.0
40.13333333333333,750.0
40.166666666666664,750.0
40.2,750.0
40.233333333333334,750.0
40.266666666666666,750.0
40.3,750.0
40.333333333333336,750.0
40.36666666666667,750.0
40.4,750.0
40.43333333333333,750.0
40.46666666666667,750.0
40.5,750.0
40.53333333333333,750.0
40.56666666666667,750.0
40.6,750.0
40.63333333333333,750.0
40.666666666666664,750.0
40.7,750.0
40.733333333333334,750.0
40.766666666666666,750.0
40.8,750.0
40.833333333333336,750.0
40.86666666666667,750.0
40.9,750.0
40.93333333333333,750.0
40.96666666666667,750.0
41.0,750.0
41.03333333333333,750.0
41.06666666666667,750.0
41.1,750.0
41.13333333333333,750.0
41.166666666666664,750.0
41.2,750.0
41.233333333333334,750.0
41.266666666666666,750.0
41.3,750.0
41.333333333333336,750.0
41.36666666666667,750.0
41.4,750.0
41.43333333333333,750.0
41.46666666666667,750.0
41.5,750.0
41.53333333333333,750.0
41.56666666666667,750.0
41.6,750.0
41.63333333333333,750.0
41.666666666666664,750.0
41.7,750.0
41.733333333333334,750.0
41.766666666666666,750.0
41.8,750.0
41.833333333333336,750.0
41.86666666666667,750.0
41.9,750.0
41.93333333333333,750.0
41.96666666666667,750.0
42.0,750.0
42.03333333333333,750.0
42.06666666666667,750.0
42.1,750.0
42.13333333333333,750.0
42.166666666666664,750.0
42.2,750.0
42.233333333333334,750.0
42.266666666666666,750.0
42.3,750.0
42.333333333333336,750.0
42.36666666666667,750.0
42.4,750.0
42.43333333333333,750.0
42.46666666666667,750.0
42.5,750.0
42.53333333333333,750.0
42.56666666666667,750.0
42.6,750.0
42.63333333333333,750.0
42.666666666666664,750.0
42.7,750.0
42.733333333333334,750.0
42.766666666666666,750.0
42.8,750.0
42.833333333333336,750.0
42.86666666666667,750.0
42.9,750.0
42.93333333333333,750.0
42.96666666666667,750.0
43.0,750.0
43.03333333333333,750.0
43.06666666666667,750.0
43.1,750.0
43.13333333333333,750.0
43.166666666666664,750.0
43.2,750.0
43.233333333333334,750.0
43.266666666666666,750.0
43.3,750.0
43.333333333333336,750.0
43.36666666666667,750.0
43.4,750.0
43.43333333333333,750.0
43.46666666666667,750.0
43.5,750.0
43.53333333333333,750.0
43.56666666666667,750.0
43.6,750.0
43.63333333333333,750.0
43.666666666666664,750.0
43.7,750.0
43.733333333333334,750.0
43.766666666666666,750.0
43.8,750.0
43.833333333333336,750.0
43.86666666666667,750.0
43.9,750.0
43.93333333333333,750.0
43.96666666666667,750.0
44.0,750.0
44.03333333333333,750.0
44.06666666666667,750.0
44.1,750.0
44.13333333333333,750.0
44.166666666666664,750.0
44.2,750.0
44.233333333333334,750.0
44.266666666666666,750.0
44.3,750.0
44.333333333333336,750.0
44.36666666666667,750.0
44.4,750.0
44.43333333333333,750.0
44.46666666666667,750.0
44.5,750.0
44.53333333333333,750.0
44.56666666666667,750.0
44.6,750.0
44.63333333333333,750.0
44.666666666666664,750.0
44.7,750.0
44.733333333333334,750.0
44.766666666666666,750.0
44.8,750.0
44.833333333333336,750.0
44.86666666666667,750.0
44.9,750.0
44.93333333333333,750.0
44.96666666666667,750.0
45.0,750.0
45.03333333333333,750.0
45.06666666666667,750.0
45.1,750.0
45.13333333333333,750.0
45.166666666666664,750.0
45.2,750.0
45.233333333333334,750.0
45.266666666666666,750.0
45.3,750.0
45.333333333333336,750.0
45.36666666666667,750.0
45.4,750.0
45.43333333333333,750.0
45.46666666666667,750.0
45.5,750.0
45.53333333333333,750.0
45.56666666666667,750.0
45.6,750.0
45.63333333333333,750.0
45.666666666666664,750.0
45.7,750.0
45.733333333333334,750.0
45.766666666666666,750.0
45.8,750.0
45.833333333333336,750.0
45.86666666666667,750.0
45.9,750.0
45.93333333333333,750.0
45.96666666666667,750.0
46.0,750.0
46.03333333333333,750.0
46.06666666666667,750.0
46.1,750.0
46.13333333333333,750.0
46.166666666666664,750.0
46.2,750.0
46.233333333333334,750.0
46.266666666666666,750.0
46.3,750.0
46.333333333333336,750.0
46.36666666666667,750.0
46.4,750.0
46.43333333333333,750.0
46.46666666666667,750.0
46.5,750.0
46.53333333333333,750.0
46.56666666666667,
46.6,750.0
46.63333333333333,750.0
46.666666666666664,750.0
46.7,750.0
46.733333333333334,750.0
46.766666666666666,750.0
46.8,750.0
46.833333333333336,750.0
46.86666666666667,750.0
46.9,750.0
46.93333333333333,750.0
46.96666666666667,750.0
47.0,750.0
47.03333333333333,750.0
47.06666666666667,750.0
47.1,750.0
47.13333333333333,750.0
47.166666666666664,750.0
47.2,750.0
47.233333333333334,750.0
47.266666666666666,750.0
47.3,750.0
47.333333333333336,750.0
47.36666666666667,750.0
47.4,750.0
47.43333333333333,750.0
47.46666666666667,750.0
47.5,750.0
47.53333333333333,750.0
47.56666666666667,750.0
47.6,750.0
47.63333333333333,750.0
47.666666666666664,750.0
47.7,750.0
47.733333333333334,750.0
47.766666666666666,750.0
47.8,750.0
47.833333333333336,750.0
47.86666666666667,750.0
47.9,750.0
47.93333333333333,750.0
47.96666666666667,750.0
48.0,750.0
48.03333333333333,750.0
48.06666666666667,750.0
48.1,750.0
48.13333333333333,750.0
48.166666666666664,750.0
48.2,750.0
48.233333333333334,750.0
48.266666666666666,750.0
48.3,750.0
48.333333333333336,750.0
48.36666666666667,750.0
48.4,750.0
48.43333333333333,750.0
48.46666666666667,750.0
48.5,750.0
48.53333333333333,750.0
48.56666666666667,750.0
48.6,750.0
48.63333333333333,750.0
48.666666666666664,750.0
48.7,750.0
48.733333333333334,750.0
48.766666666666666,750.0
48.8,750.0
48.833333333333336,750.0
48.86666666666667,750.0
48.9,750.0
48.93333333333333,750.0
48.96666666666667,750.0
49.0,750.0
49.03333333333333,750.0
49.06666666666667,750.0
49.1,750.0
49.13333333333333,750.0
49.166666666666664,750.0
49.2,750.0
49.233333333333334,750.0
49.266666666666666,750.0
49.3,750.0
49.333333333333336,750.0
49.36666666666667,750.0
49.4,750.0
49.43333333333333,750.0
49.46666666666667,750.0
49.5,750.0
49.53333333333333,750.0
49.56666666666667,750.0
49.6,750.0
49.63333333333333,750.0
49.666666666666664,750.0
49.7,750.0
49.733333333333334,750.0
49.766666666666666,750.0
49.8,750.0
49.833333333333336,750.0
49.86666666666667,750.0
49.9,750.0
49.93333333333333,750.0
49.96666666666667,750.0
50.0,750.0
50.03333333333333,750.0
50.06666666666667,750.0
50.1,750.0
50.13333333333333,750.0
50.166666666666664,750.0
50.2,750.0
50.233333333333334,750.0
50.266666666666666,750.0
50.3,750.0
50.333333333333336,750.0
50.36666666666667,750.0
50.4,750.0
50.43333333333333,750.0
50.46666666666667,750.0
50.5,750.0
50.53333333333333,750.0
50.56666666666667,750.0
50.6,750.0
50.63333333333333,750.0
50.666666666666664,750.0
50.7,750.0
50.733333333333334,750.0
50.766666666666666,750.0
50.8,750.0
50.833333333333336,750.0
50.86666666666667,750.0
50.9,750.0
50.93333333333333,750.0
50.96666666666667,750.0
51.0,750.0
51.03333333333333,750.0
51.06666666666667,750.0
51.1,750.0
51.13333333333333,750.0
51.166666666666664,750.0
51.2,750.0
51.233333333333334,750.0
51.266666666666666,750.0
51.3,750.0
51.333333333333336,750.0
51.36666666666667,750.0
51.4,750.0
51.43333333333333,750.0
51.46666666666667,750.0
51.5,750.0
51.53333333333333,750.0
51.56666666666667,750.0
51.6,750.0
51.63333333333333,750.0
51.666666666666664,750.0
51.7,750.0
51.733333333333334,750.0
51.766666666666666,750.0
51.8,750.0
51.833333333333336,750.0
51.86666666666667,750.0
51.9,750.0
51.93333333333333,750.0
51.96666666666667,750.0
52.0,750.0
52.03333333333333,750.0
52.06666666666667,750.0
52.1,750.0
52.13333333333333,750.0
52.166666666666664,750.0
52.2,750.0
52.233333333333334,750.0
52.266666666666666,750.0
52.3,750.0
52.333333333333336,750.0
52.36666666666667,750.0
52.4,750.0
52.43333333333333,750.0
52.46666666666667,750.0
52.5,750.0
52.53333333333333,750.0
52.56666666666667,750.0
52.6,750.0
52.63333333333333,750.0
52.666666666666664,750.0
52.7,750.0
52.733333333333334,750.0
52.766666666666666,750.0
52.8,750.0
52.833333333333336,750.0
52.86666666666667,750.0
52.9,750.0
52.93333333333333,750.0
52.96666666666667,750.0
53.0,750.0
53.03333333333333,750.0
53.06666666666667,750.0
53.1,750.0
53.13333333333333,750.0
53.166666666666664,750.0
53.2,750.0
53.233333333333334,750.0
53.266666666666666,750.0
53.3,750.0
53.333333333333336,750.0
53.36666666666667,750.0
53.4,750.0
53.43333333333333,750.0
53.46666666666667,750.0
53.5,750.0
53.53333333333333,750.0
53.56666666666667,750.0
53.6,750.0
53.63333333333333,750.0
53.666666666666664,750.0
53.7,750.0
53.733333333333334,750.0
53.766666666666666,750.0
53.8,750.0
53.833333333333336,750.0
53.86666666666667,750.0
53.9,750.0
53.93333333333333,750.0
53.96666666666667,750.0
54.0,750.0
54.03333333333333,750.0
54.06666666666667,750.0
54.1,750.0
54.13333333333333,750.0
54.166666666666664,750.0
54.2,750.0
54.233333333333334,750.0
54.266666666666666,750.0
54.3,750.0
54.333333333333336,750.0
54.36666666666667,750.0
54.4,750.0
54.43333333333333,750.0
54.46666666666667,750.0
54.5,750.0
54.53333333333333,750.0
54.56666666666667,750.0
54.6,750.0
54.63333333333333,750.0
54.666666666666664,750.0
54.7,750.0
54.733333333333334,750.0
54.766666666666666,750.0
54.8,750.0
54.833333333333336,750.0
54.86666666666667,750.0
54.9,750.0
54.93333333333333,750.0
54.96666666666667,750.0
55.0,750.0
55.03333333333333,750.0
55.06666666666667,750.0
55.1,750.0
55.13333333333333,750.0
55.166666666666664,750.0
55.2,750.0
55.233333333333334,750.0
55.266666666666666,750.0
55.3,750.0
55.333333333333336,750.0
55.36666666666667,750.0
55.4,750.0
55.43333333333333,750.0
55.46666666666667,750.0
55.5,750.0
55.53333333333333,750.0
55.56666666666667,750.0
55.6,750.0
55.63333333333333,750.0
55.666666666666664,750.0
55.7,750.0
55.733333333333334,750.0
55.766666666666666,750.0
55.8,750.0
55.833333333333336,750.0
55.86666666666667,750.0
55.9,750.0
55.93333333333333,750.0
55.96666666666667,750.0
56.0,750.0
56.03333333333333,750.0
56.06666666666667,750.0
56.1,750.0
56.13333333333333,750.0
56.166666666666664,750.0
56.2,750.0
56.233333333333334,750.0
56.266666666666666,750.0
56.3,750.0
56.333333333333336,750.0
56.36666666666667,750.0
56.4,750.0
56.43333333333333,750.0
56.46666666666667,750.0
56.5,750.0
56.53333333333333,750.0
56.56666666666667,750.0
56.6,750.0
56.63333333333333,750.0
56.666666666666664,750.0
56.7,750.0
56.733333333333334,750.0
56.766666666666666,750.0
56.8,750.0
56.833333333333336,750.0
56.86666666666667,750.0
56.9,750.0
56.93333333333333,750.0
56.96666666666667,750.0
57.0,750.0
57.03333333333333,750.0
57.06666666666667,750.0
57.1,750.0
57.13333333333333,750.0
57.166666666666664,750.0
57.2,750.0
57.233333333333334,750.0
57.266666666666666,750.0
57.3,750.0
57.333333333333336,750.0
57.36666666666667,750.0
57.4,750.0
57.43333333333333,750.0
57.46666666666667,750.0
57.5,750.0
57.53333333333333,750.0
57.56666666666667,750.0
57.6,750.0
57.63333333333333,750.0
57.666666666666664,750.0
57.7,750.0
57.733333333333334,750.0
57.766666666666666,750.0
57.8,750.0
57.833333333333336,750.0
57.86666666666667,750.0
57.9,750.0
57.93333333333333,750.0
57.96666666666667,750.0
58.0,750.0
58.03333333333333,750.0
58.06666666666667,750.0
58.1,750.0
58.13333333333333,750.0
58.166666666666664,750.0
58.2,750.0
58.233333333333334,750.0
58.266666666666666,750.0
58.3,750.0
58.333333333333336,750.0
58.36666666666667,750.0
58.4,750.0
58.43333333333333,750.0
58.46666666666667,750.0
58.5,750.0
58.53333333333333,750.0
58.56666666666667,750.0
58.6,
58.63333333333333,750.0
58.666666666666664,750.0
58.7,750.0
58.733333333333334,750.0
58.766666666666666,750.0
58.8,750.0
58.833333333333336,750.0
58.86666666666667,750.0
58.9,750.0
58.93333333333333,750.0
58.96666666666667,750.0
59.0,750.0
59.03333333333333,750.0
59.06666666666667,750.0
59.1,750.0
59.13333333333333,750.0
59.166666666666664,750.0
59.2,750.0
59.233333333333334,750.0
59.266666666666666,750.0
59.3,750.0
59.333333333333336,750.0
59.36666666666667,750.0
59.4,750.0
59.43333333333333,750.0
59.46666666666667,750.0
59.5,750.0
59.53333333333333,750.0
59.56666666666667,750.0
59.6,750.0
59.63333333333333,750.0
59.666666666666664,750.0
59.7,750.0
59.733333333333334,750.0
59.766666666666666,750.0
59.8,750.0
59.833333333333336,750.0
59.86666666666667,750.0
59.9,750.0
59.93333333333333,750.0
59.96666666666667,750.0
60.0,750.0
60.03333333333333,750.0
60.06666666666667,750.0
60.1,750.0
60.13333333333333,750.0
60.166666666666664,750.0
60.2,750.0
60.233333333333334,750.0
60.266666666666666,750.0
60.3,750.0
60.333333333333336,750.0
60.36666666666667,750.0
60.4,750.0
60.43333333333333,750.0
60.46666666666667,750.0
60.5,750.0
60.53333333333333,750.0
60.56666666666667,750.0
60.6,750.0
60.63333333333333,750.0
60.666666666666664,750.0
60.7,750.0
60.733333333333334,750.0
60.766666666666666,750.0
60.8,750.0
60.833333333333336,750.0
60.86666666666667,750.0
60.9,750.0
60.93333333333333,750.0
60.96666666666667,750.0
61.0,750.0
61.03333333333333,750.0
61.06666666666667,750.0
61.1,750.0
61.13333333333333,750.0
61.166666666666664,750.0
61.2,750.0
61.233333333333334,750.0
61.266666666666666,750.0
61.3,750.0
61.333333333333336,750.0
61.36666666666667,750.0
61.4,750.0
61.43333333333333,750.0
61.46666666666667,750.0
61.5,750.0
61.53333333333333,750.0
61.56666666666667,750.0
61.6,750.0
61.63333333333333,750.0
61.666666666666664,750.0
61.7,750.0
61.733333333333334,750.0
61.766666666666666,750.0
61.8,750.0
61.833333333333336,750.0
61.86666666666667,750.0
61.9,750.0
61.93333333333333,750.0
61.96666666666667,750.0
62.0,750.0
62.03333333333333,750.0
62.06666666666667,750.0
62.1,750.0
62.13333333333333,750.0
62.166666666666664,750.0
62.2,750.0
62.233333333333334,750.0
62.266666666666666,750.0
62.3,750.0
62.333333333333336,750.0
62.36666666666667,750.0
62.4,750.0
62.43333333333333,750.0
62.46666666666667,750.0
62.5,750.0
62.53333333333333,750.0
62.56666666666667,750.0
62.6,750.0
62.63333333333333,750.0
62.666666666666664,750.0
62.7,750.0
62.733333333333334,750.0
62.766666666666666,750.0
62.8,750.0
62.833333333333336,750.0
62.86666666666667,750.0
62.9,750.0
62.93333333333333,750.0
62.96666666666667,750.0
63.0,750.0
63.03333333333333,750.0
63.06666666666667,750.0
63.1,750.0
63.13333333333333,750.0
63.166666666666664,750.0
63.2,750.0
63.233333333333334,750.0
63.266666666666666,750.0
63.3,750.0
63.333333333333336,750.0
63.36666666666667,750.0
63.4,750.0
63.43333333333333,750.0
63.46666666666667,750.0
63.5,750.0
63.53333333333333,750.0
63.56666666666667,750.0
63.6,750.0
63.63333333333333,750.0
63.666666666666664,750.0
63.7,750.0
63.733333333333334,750.0
63.766666666666666,750.0
63.8,750.0
63.833333333333336,750.0
63.86666666666667,750.0
63.9,750.0
63.93333333333333,750.0
63.96666666666667,750.0
64.0,750.0
64.03333333333333,750.0
64.06666666666666,750.0
64.1,750.0
64.13333333333334,750.0
64.16666666666667,750.0
64.2,750.0
64.23333333333333,750.0
64.26666666666667,750.0
64.3,750.0
64.33333333333333,750.0
64.36666666666666,750.0
64.4,750.0
64.43333333333334,750.0
64.46666666666667,750.0
64.5,750.0
64.53333333333333,750.0
64.56666666666666,750.0
64.6,750.0
64.63333333333334,750.0
64.66666666666667,750.0
64.7,750.0
64.73333333333333,750.0
64.76666666666667,750.0
64.8,750.0
64.83333333333333,750.0
64.86666666666666,750.0
64.9,750.0
64.93333333333334,750.0
64.96666666666667,750.0
65.0,750.0
65.03333333333333,750.0
65.06666666666666,750.0
65.1,750.0
65.13333333333334,750.0
65.16666666666667,750.0
65.2,750.0
65.23333333333333,750.0
65.26666666666667,750.0
65.3,750.0
65.33333333333333,750.0
65.36666666666666,750.0
65.4,750.0
65.43333333333334,750.0
65.46666666666667,750.0
65.5,750.0
65.53333333333333,750.0
65.56666666666666,750.0
65.6,750.0
65.63333333333334,750.0
65.66666666666667,750.0
65.7,750.0
65.73333333333333,750.0
65.76666666666667,750.0
65.8,750.0
65.83333333333333,750.0
65.86666666666666,750.0
65.9,750.0
65.93333333333334,750.0
65.96666666666667,750.0
66.0,750.0
66.03333333333333,750.0
66.06666666666666,750.0
66.1,750.0
66.13333333333334,750.0
66.16666666666667,750.0
66.2,750.0
66.23333333333333,750.0
66.26666666666667,750.0
66.3,750.0
66.33333333333333,750.0
66.36666666666666,750.0
66.4,750.0
66.43333333333334,750.0
66.46666666666667,750.0
66.5,750.0
66.53333333333333,750.0
66.56666666666666,750.0
66.6,750.0
66.63333333333334,750.0
66.66666666666667,750.0
66.7,750.0
66.73333333333333,750.0
66.76666666666667,750.0
66.8,750.0
66.83333333333333,750.0
66.86666666666666,750.0
66.9,750.0
66.93333333333334,750.0
66.96666666666667,750.0
67.0,750.0
67.03333333333333,750.0
67.06666666666666,750.0
67.1,750.0
67.13333333333334,750.0
67.16666666666667,750.0
67.2,750.0
67.23333333333333,750.0
67.26666666666667,750.0
67.3,750.0
67.33333333333333,750.0
67.36666666666666,750.0
67.4,750.0
67.43333333333334,750.0
67.46666666666667,750.0
67.5,750.0
67.53333333333333,750.0
67.56666666666666,750.0
67.6,750.0
67.63333333333334,750.0
67.66666666666667,750.0
67.7,750.0
67.73333333333333,750.0
67.76666666666667,750.0
67.8,750.0
67.83333333333333,750.0
67.86666666666666,750.0
67.9,750.0
67.93333333333334,750.0
67.96666666666667,750.0
68.0,750.0
68.03333333333333,750.0
68.06666666666666,750.0
68.1,750.0
68.13333333333334,750.0
68.16666666666667,750.0
68.2,750.0
68.23333333333333,750.0
68.26666666666667,750.0
68.3,750.0
68.33333333333333,750.0
68.36666666666666,750.0
68.4,750.0
68.43333333333334,750.0
68.46666666666667,750.0
68.5,750.0
68.53333333333333,750.0
68.56666666666666,750.0
68.6,750.0
68.63333333333334,750.0
68.66666666666667,750.0
68.7,750.0
68.73333333333333,750.0
68.76666666666667,750.0
68.8,750.0
68.83333333333333,750.0
68.86666666666666,750.0
68.9,750.0
68.93333333333334,750.0
68.96666666666667,750.0
69.0,750.0
69.03333333333333,750.0
69.06666666666666,750.0
69.1,750.0
69.13333333333334,750.0
69.16666666666667,750.0
69.2,750.0
69.23333333333333,750.0
69.26666666666667,750.0
69.3,750.0
69.33333333333333,750.0
69.36666666666666,750.0
69.4,750.0
69.43333333333334,750.0
69.46666666666667,750.0
69.5,750.0
69.53333333333333,750.0
69.56666666666666,750.0
69.6,750.0
69.63333333333334,750.0
69.66666666666667,750.0
69.7,750.0
69.73333333333333,750.0
69.76666666666667,750.0
69.8,750.0
69.83333333333333,750.0
69.86666666666666,750.0
69.9,750.0
69.93333333333334,750.0
69.96666666666667,750.0
70.0,750.0
70.03333333333333,750.0
70.06666666666666,750.0
70.1,750.0
70.13333333333334,750.0
70.16666666666667,750.0
70.2,750.0
70.23333333333333,750.0
70.26666666666667,750.0
70.3,750.0
70.33333333333333,750.0
70.36666666666666,750.0
70.4,750.0
70.43333333333334,750.0
70.46666666666667,750.0
70.5,750.0
70.53333333333333,750.0
70.56666666666666,750.0
70.6,750.0
70.63333333333334,750.0
70.66666666666667,750.0
70.7,750.0
70.73333333333333,750.0
70.76666666666667,750.0
70.8,750.0
70.83333333333333,750.0
70.86666666666666,750.0
70.9,750.0
70.93333333333334,750.0
70.96666666666667,750.0
71.0,750.0
71.03333333333333,750.0
71.06666666666666,750.0
71.1,750.0
71.13333333333334,750.0
71.16666666666667,750.0
71.2,750.0
71.23333333333333,750.0
71.26666666666667,750.0
71.3,750.0
71.33333333333333,750.0
71.36666666666666,750.0
71.4,750.0
71.43333333333334,750.0
71.46666666666667,750.0
71.5,750.0
71.53333333333333,750.0
71.56666666666666,750.0
71.6,750.0
71.63333333333334,750.0
71.66666666666667,750.0
71.7,750.0
71.73333333333333,750.0
71.76666666666667,750.0
71.8,750.0
71.83333333333333,750.0
71.86666666666666,750.0
71.9,750.0
71.93333333333334,750.0
71.96666666666667,750.0
72.0,750.0
72.03333333333333,750.0
72.06666666666666,750.0
72.1,750.0
72.13333333333334,750.0
72.16666666666667,750.0
72.2,750.0
72.23333333333333,750.0
72.26666666666667,750.0
72.3,750.0
72.33333333333333,750.0
72.36666666666666,750.0
72.4,750.0
72.43333333333334,750.0
72.46666666666667,750.0
72.5,750.0
72.53333333333333,750.0
72.56666666666666,750.0
72.6,750.0
72.63333333333334,750.0
72.66666666666667,750.0
72.7,750.0
72.73333333333333,750.0
72.76666666666667,750.0
72.8,750.0
72.83333333333333,750.0
72.86666666666666,750.0
72.9,750.0
72.93333333333334,750.0
72.96666666666667,750.0
73.0,750.0
73.03333333333333,750.0
73.06666666666666,750.0
73.1,750.0
73.13333333333334,750.0
73.16666666666667,750.0
73.2,750.0
73.23333333333333,750.0
73.26666666666667,750.0
73.3,750.0
73.33333333333333,750.0
73.36666666666666,750.0
73.4,750.0
73.43333333333334,750.0
73.46666666666667,750.0
73.5,750.0
73.53333333333333,750.0
73.56666666666666,750.0
73.6,750.0
73.63333333333334,750.0
73.66666666666667,750.0
73.7,750.0
73.73333333333333,750.0
73.76666666666667,750.0
73.8,750.0
73.83333333333333,750.0
73.86666666666666,750.0
73.9,750.0
73.93333333333334,750.0
73.96666666666667,750.0
74.0,750.0
74.03333333333333,750.0
74.06666666666666,750.0
74.1,750.0
74.13333333333334,750.0
74.16666666666667,750.0
74.2,750.0
74.23333333333333,750.0
74.26666666666667,750.0
74.3,750.0
74.33333333333333,750.0
74.36666666666666,750.0
74.4,750.0
74.43333333333334,750.0
74.46666666666667,750.0
74.5,750.0
74.53333333333333,750.0
74.56666666666666,750.0
74.6,750.0
74.63333333333334,750.0
74.66666666666667,750.0
74.7,750.0
74.73333333333333,750.0
74.76666666666667,750.0
74.8,750.0
74.83333333333333,750.0
74.86666666666666,750.0
74.9,750.0
74.93333333333334,750.0
74.96666666666667,750.0
75.0,750.0
75.03333333333333,750.0
75.06666666666666,750.0
75.1,750.0
75.13333333333334,750.0
75.16666666666667,750.0
75.2,750.0
75.23333333333333,750.0
75.26666666666667,750.0
75.3,750.0
75.33333333333333,750.0
75.36666666666666,750.0
75.4,750.0
75.43333333333334,750.0
75.46666666666667,750.0
75.5,750.0
75.53333333333333,750.0
75.56666666666666,750.0
75.6,750.0
75.63333333333334,750.0
75.66666666666667,750.0
75.7,750.0
75.73333333333333,750.0
75.76666666666667,750.0
75.8,750.0
75.83333333333333,750.0
75.86666666666666,750.0
75.9,750.0
75.93333333333334,750.0
75.96666666666667,750.0
76.0,750.0
76.03333333333333,750.0
76.06666666666666,750.0
76.1,750.0
76.13333333333334,750.0
76.16666666666667,
76.2,750.0
76.23333333333333,750.0
76.26666666666667,750.0
76.3,750.0
76.33333333333333,750.0
76.36666666666666,750.0
76.4,750.0
76.43333333333334,750.0
76.46666666666667,750.0
76.5,750.0
76.53333333333333,750.0
76.56666666666666,750.0
76.6,750.0
76.63333333333334,750.0
76.66666666666667,750.0
76.7,750.0
76.73333333333333,750.0
76.76666666666667,750.0
76.8,750.0
76.83333333333333,750.0
76.86666666666666,750.0
76.9,750.0
76.93333333333334,750.0
76.96666666666667,750.0
77.0,750.0
77.03333333333333,750.0
77.06666666666666,750.0
77.1,750.0
77.13333333333334,750.0
77.16666666666667,750.0
77.2,750.0
77.23333333333333,750.0
77.26666666666667,750.0
77.3,750.0
77.33333333333333,750.0
77.36666666666666,750.0
77.4,750.0
77.43333333333334,750.0
77.46666666666667,750.0
77.5,750.0
77.53333333333333,750.0
77.56666666666666,750.0
77.6,750.0
77.63333333333334,750.0
77.66666666666667,750.0
77.7,750.0
77.73333333333333,750.0
77.76666666666667,750.0
77.8,750.0
77.83333333333333,750.0
77.86666666666666,750.0
77.9,750.0
77.93333333333334,750.0
77.96666666666667,750.0
78.0,750.0
78.03333333333333,750.0
78.06666666666666,750.0
78.1,750.0
78.13333333333334,750.0
78.16666666666667,750.0
78.2,750.0
78.23333333333333,750.0
78.26666666666667,750.0
78.3,750.0
78.33333333333333,750.0
78.36666666666666,750.0
78.4,750.0
78.43333333333334,750.0
78.46666666666667,750.0
78.5,750.0
78.53333333333333,750.0
78.56666666666666,750.0
78.6,750.0
78.63333333333334,750.0
78.66666666666667,750.0
78.7,750.0
78.73333333333333,750.0
78.76666666666667,750.0
78.8,750.0
78.83333333333333,750.0
78.86666666666666,750.0
78.9,750.0
78.93333333333334,750.0
78.96666666666667,750.0
79.0,750.0
79.03333333333333,750.0
79.06666666666666,750.0
79.1,750.0
79.13333333333334,750.0
79.16666666666667,750.0
79.2,750.0
79.23333333333333,750.0
79.26666666666667,750.0
79.3,750.0
79.33333333333333,750.0
79.36666666666666,750.0
79.4,750.0
79.43333333333334,750.0
79.46666666666667,750.0
79.5,750.0
79.53333333333333,750.0
79.56666666666666,750.0
79.6,750.0
79.63333333333334,750.0
79.66666666666667,750.0
79.7,750.0
79.73333333333333,750.0
79.76666666666667,750.0
79.8,750.0
79.83333333333333,750.0
79.86666666666666,750.0
79.9,750.0
79.93333333333334,750.0
79.96666666666667,750.0
80.0,750.0
80.03333333333333,750.0
80.06666666666666,750.0
80.1,750.0
80.13333333333334,750.0
80.16666666666667,750.0
80.2,750.0
80.23333333333333,750.0
80.26666666666667,750.0
80.3,750.0
80.33333333333333,750.0
80.36666666666666,750.0
80.4,750.0
80.43333333333334,750.0
80.46666666666667,750.0
80.5,750.0
80.53333333333333,750.0
80.56666666666666,750.0
80.6,750.0
80.63333333333334,750.0
80.66666666666667,750.0
80.7,750.0
80.73333333333333,750.0
80.76666666666667,750.0
80.8,750.0
80.83333333333333,750.0
80.86666666666666,750.0
80.9,750.0
80.93333333333334,750.0
80.96666666666667,750.0
81.0,750.0
81.03333333333333,750.0
81.06666666666666,750.0
81.1,750.0
81.13333333333334,750.0
81.16666666666667,750.0
81.2,750.0
81.23333333333333,750.0
81.26666666666667,750.0
81.3,750.0
81.33333333333333,750.0
81.36666666666666,750.0
81.4,750.0
81.43333333333334,750.0
81.46666666666667,750.0
81.5,750.0
81.53333333333333,750.0
81.56666666666666,750.0
81.6,750.0
81.63333333333334,750.0
81.66666666666667,750.0
81.7,750.0
81.73333333333333,750.0
81.76666666666667,750.0
81.8,750.0
81.83333333333333,750.0
81.86666666666666,750.0
81.9,750.0
81.93333333333334,750.0
81.96666666666667,750.0
82.0,750.0
82.03333333333333,750.0
82.06666666666666,750.0
82.1,750.0
82.13333333333334,750.0
82.16666666666667,750.0
82.2,750.0
82.23333333333333,750.0
82.26666666666667,750.0
82.3,750.0
82.33333333333333,750.0
82.36666666666666,750.0
82.4,750.0
82.43333333333334,750.0
82.46666666666667,750.0
82.5,750.0
82.53333333333333,750.0
82.56666666666666,750.0
82.6,750.0
82.63333333333334,750.0
82.66666666666667,750.0
82.7,750.0
82.73333333333333,750.0
82.76666666666667,750.0
82.8,750.0
82.83333333333333,750.0
82.86666666666666,750.0
82.9,750.0
82.93333333333334,750.0
82.96666666666667,750.0
83.0,750.0
83.03333333333333,750.0
83.06666666666666,750.0
83.1,750.0
83.13333333333334,750.0
83.16666666666667,750.0
83.2,750.0
83.23333333333333,750.0
83.26666666666667,750.0
83.3,750.0
83.33333333333333,750.0
83.36666666666666,750.0
83.4,750.0
83.43333333333334,750.0
83.46666666666667,750.0
83.5,750.0
83.53333333333333,750.0
83.56666666666666,750.0
83.6,750.0
83.63333333333334,750.0
83.66666666666667,750.0
83.7,750.0
83.73333333333333,750.0
83.76666666666667,750.0
83.8,750.0
83.83333333333333,750.0
83.86666666666666,750.0
83.9,750.0
83.93333333333334,750.0
83.96666666666667,750.0
84.0,750.0
84.03333333333333,750.0
84.06666666666666,750.0
84.1,750.0
84.13333333333334,750.0
84.16666666666667,750.0
84.2,750.0
84.23333333333333,750.0
84.26666666666667,750.0
84.3,750.0
84.33333333333333,750.0
84.36666666666666,750.0
84.4,750.0
84.43333333333334,750.0
84.46666666666667,750.0
84.5,750.0
84.53333333333333,750.0
84.56666666666666,750.0
84.6,750.0
84.63333333333334,750.0
84.66666666666667,750.0
84.7,750.0
84.73333333333333,750.0
84.76666666666667,750.0
84.8,750.0
84.83333333333333,750.0
84.86666666666666,750.0
84.9,750.0
84.93333333333334,750.0
84.96666666666667,750.0
85.0,750.0
85.03333333333333,750.0
85.06666666666666,750.0
85.1,750.0
85.13333333333334,750.0
85.16666666666667,750.0
85.2,750.0
85.23333333333333,750.0
85.26666666666667,750.0
85.3,750.0
85.33333333333333,750.0
85.36666666666666,750.0
85.4,750.0
85.43333333333334,750.0
85.46666666666667,750.0
85.5,750.0
85.53333333333333,750.0
85.56666666666666,750.0
85.6,750.0
85.63333333333334,750.0
85.66666666666667,750.0
85.7,750.0
85.73333333333333,750.0
85.76666666666667,750.0
85.8,750.0
85.83333333333333,750.0
85.86666666666666,750.0
85.9,750.0
85.93333333333334,750.0
85.96666666666667,750.0
86.0,750.0
86.03333333333333,750.0
86.06666666666666,750.0
86.1,750.0
86.13333333333334,750.0
86.16666666666667,750.0
86.2,750.0
86.23333333333333,750.0
86.26666666666667,750.0
86.3,750.0
86.33333333333333,750.0
86.36666666666666,750.0
86.4,750.0
86.43333333333334,750.0
86.46666666666667,750.0
86.5,750.0
86.53333333333333,750.0
86.56666666666666,750.0
86.6,750.0
86.63333333333334,750.0
86.66666666666667,750.0
86.7,750.0
86.73333333333333,750.0
86.76666666666667,750.0
86.8,750.0
86.83333333333333,750.0
86.86666666666666,750.0
86.9,750.0
86.93333333333334,750.0
86.96666666666667,750.0
87.0,750.0
87.03333333333333,750.0
87.06666666666666,750.0
87.1,750.0
87.13333333333334,750.0
87.16666666666667,750.0
87.2,750.0
87.23333333333333,750.0
87.26666666666667,750.0
87.3,750.0
87.33333333333333,750.0
87.36666666666666,750.0
87.4,750.0
87.43333333333334,750.0
87.46666666666667,750.0
87.5,750.0
87.53333333333333,750.0
87.56666666666666,750.0
87.6,750.0
87.63333333333334,750.0
87.66666666666667,750.0
87.7,750.0
87.73333333333333,750.0
87.76666666666667,750.0
87.8,750.0
87.83333333333333,750.0
87.86666666666666,750.0
87.9,750.0
87.93333333333334,750.0
87.96666666666667,750.0
88.0,750.0
88.03333333333333,750.0
88.06666666666666,750.0
88.1,750.0
88.13333333333334,750.0
88.16666666666667,750.0
88.2,750.0
88.23333333333333,750.0
88.26666666666667,750.0
88.3,750.0
88.33333333333333,750.0
88.36666666666666,750.0
88.4,750.0
88.43333333333334,750.0
88.46666666666667,750.0
88.5,750.0
88.53333333333333,750.0
88.56666666666666,750.0
88.6,750.0
88.63333333333334,750.0
88.66666666666667,750.0
88.7,750.0
88.73333333333333,750.0
88.76666666666667,750.0
88.8,750.0
88.83333333333333,750.0
88.86666666666666,750.0
88.9,750.0
88.93333333333334,750.0
88.96666666666667,750.0
89.0,750.0
89.03333333333333,750.0
89.06666666666666,750.0
89.1,750.0
89.13333333333334,750.0
89.16666666666667,750.0
89.2,750.0
89.23333333333333,750.0
89.26666666666667,750.0
89.3,750.0
89.33333333333333,750.0
89.36666666666666,
89.4,750.0
89.43333333333334,750.0
89.46666666666667,750.0
89.5,750.0
89.53333333333333,750.0
89.56666666666666,750.0
89.6,750.0
89.63333333333334,750.0
89.66666666666667,750.0
89.7,750.0
89.73333333333333,750.0
89.76666666666667,750.0
89.8,750.0
89.83333333333333,750.0
89.86666666666666,750.0
89.9,750.0
89.93333333333334,750.0
89.96666666666667,750.0
90.0,750.0
90.03333333333333,750.0
90.06666666666666,750.0
90.1,750.0
90.13333333333334,750.0
90.16666666666667,750.0
90.2,750.0
90.23333333333333,750.0
90.26666666666667,750.0
90.3,750.0
90.33333333333333,750.0
90.36666666666666,750.0
90.4,750.0
90.43333333333334,750.0
90.46666666666667,750.0
90.5,750.0
90.53333333333333,750.0
90.56666666666666,750.0
90.6,750.0
90.63333333333334,750.0
90.66666666666667,750.0
90.7,750.0
90.73333333333333,750.0
90.76666666666667,750.0
90.8,750.0
90.83333333333333,750.0
90.86666666666666,750.0
90.9,750.0
90.93333333333334,750.0
90.96666666666667,750.0
91.0,750.0
91.03333333333333,750.0
91.06666666666666,750.0
91.1,750.0
91.13333333333334,750.0
91.16666666666667,750.0
91.2,750.0
91.23333333333333,750.0
91.26666666666667,750.0
91.3,750.0
91.33333333333333,750.0
91.36666666666666,750.0
91.4,750.0
91.43333333333334,750.0
91.46666666666667,750.0
91.5,750.0
91.53333333333333,750.0
91.56666666666666,750.0
91.6,750.0
91.63333333333334,750.0
91.66666666666667,750.0
91.7,750.0
91.73333333333333,750.0
91.76666666666667,750.0
91.8,750.0
91.83333333333333,750.0
91.86666666666666,750.0
91.9,750.0
91.93333333333334,750.0
91.96666666666667,750.0
92.0,750.0
92.03333333333333,750.0
92.06666666666666,750.0
92.1,750.0
92.13333333333334,750.0
92.16666666666667,750.0
92.2,750.0
92.23333333333333,750.0
92.26666666666667,750.0
92.3,750.0
92.33333333333333,750.0
92.36666666666666,750.0
92.4,750.0
92.43333333333334,750.0
92.46666666666667,750.0
92.5,750.0
92.53333333333333,750.0
92.56666666666666,750.0
92.6,750.0
92.63333333333334,750.0
92.66666666666667,750.0
92.7,750.0
92.73333333333333,750.0
92.76666666666667,750.0
92.8,750.0
92.83333333333333,750.0
92.86666666666666,750.0
92.9,750.0
92.93333333333334,750.0
92.96666666666667,750.0
93.0,750.0
93.03333333333333,750.0
93.06666666666666,750.0
93.1,750.0
93.13333333333334,750.0
93.16666666666667,750.0
93.2,750.0
93.23333333333333,750.0
93.26666666666667,750.0
93.3,750.0
93.33333333333333,750.0
93.36666666666666,750.0
93.4,750.0
93.43333333333334,750.0
93.46666666666667,750.0
93.5,750.0
93.53333333333333,750.0
93.56666666666666,750.0
93.6,750.0
93.63333333333334,750.0
93.66666666666667,750.0
93.7,750.0
93.73333333333333,750.0
93.76666666666667,750.0
93.8,750.0
93.83333333333333,750.0
93.86666666666666,750.0
93.9,750.0
93.93333333333334,750.0
93.96666666666667,750.0
94.0,750.0
94.03333333333333,750.0
94.06666666666666,750.0
94.1,750.0
94.13333333333334,750.0
94.16666666666667,750.0
94.2,750.0
94.23333333333333,750.0
94.26666666666667,750.0
94.3,750.0
94.33333333333333,750.0
94.36666666666666,750.0
94.4,750.0
94.43333333333334,750.0
94.46666666666667,750.0
94.5,750.0
94.53333333333333,750.0
94.56666666666666,750.0
94.6,750.0
94.63333333333334,750.0
94.66666666666667,750.0
94.7,750.0
94.73333333333333,750.0
94.76666666666667,750.0
94.8,750.0
94.83333333333333,750.0
94.86666666666666,750.0
94.9,750.0
94.93333333333334,750.0
94.96666666666667,750.0
95.0,750.0
95.03333333333333,750.0
95.06666666666666,750.0
95.1,750.0
95.13333333333334,750.0
95.16666666666667,750.0
95.2,750.0
95.23333333333333,750.0
95.26666666666667,750.0
95.3,750.0
95.33333333333333,750.0
95.36666666666666,750.0
95.4,750.0
95.43333333333334,750.0
95.46666666666667,750.0
95.5,750.0
95.53333333333333,750.0
95.56666666666666,750.0
95.6,750.0
95.63333333333334,750.0
95.66666666666667,750.0
95.7,750.0
95.73333333333333,750.0
95.76666666666667,750.0
95.8,750.0
95.83333333333333,750.0
95.86666666666666,750.0
95.9,750.0
95.93333333333334,750.0
95.96666666666667,750.0
96.0,750.0
96.03333333333333,750.0
96.06666666666666,750.0
96.1,750.0
96.13333333333334,750.0
96.16666666666667,750.0
96.2,750.0
96.23333333333333,750.0
96.26666666666667,750.0
96.3,750.0
96.33333333333333,
96.36666666666666,750.0
96.4,750.0
96.43333333333334,750.0
96.46666666666667,750.0
96.5,750.0
96.53333333333333,750.0
96.56666666666666,750.0
96.6,750.0
96.63333333333334,750.0
96.66666666666667,750.0
96.7,750.0
96.73333333333333,750.0
96.76666666666667,750.0
96.8,750.0
96.83333333333333,750.0
96.86666666666666,750.0
96.9,750.0
96.93333333333334,750.0
96.96666666666667,750.0
97.0,750.0
97.03333333333333,750.0
97.06666666666666,750.0
97.1,750.0
97.13333333333334,750.0
97.16666666666667,750.0
97.2,750.0
97.23333333333333,750.0
97.26666666666667,750.0
97.3,750.0
97.33333333333333,750.0
97.36666666666666,750.0
97.4,750.0
97.43333333333334,750.0
97.46666666666667,750.0
97.5,750.0
97.53333333333333,750.0
97.56666666666666,750.0
97.6,750.0
97.63333333333334,750.0
97.66666666666667,750.0
97.7,750.0
97.73333333333333,750.0
97.76666666666667,750.0
97.8,750.0
97.83333333333333,750.0
97.86666666666666,750.0
97.9,750.0
97.93333333333334,750.0
97.96666666666667,750.0
98.0,750.0
98.03333333333333,750.0
98.06666666666666,750.0
98.1,750.0
98.13333333333334,750.0
98.16666666666667,750.0
98.2,750.0
98.23333333333333,750.0
98.26666666666667,750.0
98.3,750.0
98.33333333333333,750.0
98.36666666666666,750.0
98.4,750.0
98.43333333333334,750.0
98.46666666666667,750.0
98.5,750.0
98.53333333333333,750.0
98.56666666666666,750.0
98.6,750.0
98.63333333333334,750.0
98.66666666666667,750.0
98.7,750.0
98.73333333333333,750.0
98.76666666666667,750.0
98.8,750.0
98.83333333333333,750.0
98.86666666666666,750.0
98.9,750.0
98.93333333333334,750.0
98.96666666666667,750.0
99.0,750.0
99.03333333333333,750.0
99.06666666666666,750.0
99.1,750.0
99.13333333333334,750.0
99.16666666666667,750.0
99.2,750.0
99.23333333333333,750.0
99.26666666666667,750.0
99.3,750.0
99.33333333333333,750.0
99.36666666666666,750.0
99.4,750.0
99.43333333333334,750.0
99.46666666666667,750.0
99.5,750.0
99.53333333333333,750.0
99.56666666666666,750.0
99.6,750.0
99.63333333333334,750.0
99.66666666666667,750.0
99.7,750.0
99.73333333333333,750.0
99.76666666666667,750.0
99.8,750.0
99.83333333333333,750.0
99.86666666666666,750.0
99.9,750.0
99.93333333333334,750.0
99.96666666666667,750.0
100.0,750.0
100.03333333333333,750.0
100.06666666666666,750.0
100.1,750.0
100.13333333333334,750.0
100.16666666666667,750.0
100.2,750.0
100.23333333333333,750.0
100.26666666666667,750.0
100.3,750.0
100.33333333333333,750.0
100.36666666666666,750.0
100.4,750.0
100.43333333333334,750.0
100.46666666666667,750.0
100.5,750.0
100.53333333333333,750.0
100.56666666666666,750.0
100.6,750.0
100.63333333333334,750.0
100.66666666666667,750.0
100.7,750.0
100.73333333333333,750.0
100.76666666666667,750.0
100.8,750.0
100.83333333333333,750.0
100.86666666666666,750.0
100.9,750.0
100.93333333333334,750.0
100.96666666666667,750.0
101.0,750.0
101.03333333333333,750.0
101.06666666666666,750.0
101.1,750.0
101.13333333333334,750.0
101.16666666666667,750.0
101.2,750.0
101.23333333333333,750.0
101.26666666666667,750.0
101.3,750.0
101.33333333333333,750.0
101.36666666666666,750.0
101.4,750.0
101.43333333333334,750.0
101.46666666666667,750.0
101.5,750.0
101.53333333333333,750.0
101.56666666666666,750.0
101.6,750.0
101.63333333333334,750.0
101.66666666666667,750.0
101.7,750.0
101.73333333333333,750.0
101.76666666666667,750.0
101.8,750.0
101.83333333333333,750.0
101.86666666666666,750.0
101.9,750.0
101.93333333333334,750.0
101.96666666666667,750.0
102.0,750.0
102.03333333333333,750.0
102.06666666666666,750.0
102.1,750.0
102.13333333333334,750.0
102.16666666666667,750.0
102.2,750.0
102.23333333333333,750.0
102.26666666666667,750.0
102.3,750.0
102.33333333333333,750.0
102.36666666666666,750.0
102.4,750.0
102.43333333333334,750.0
102.46666666666667,750.0
102.5,750.0
102.53333333333333,750.0
102.56666666666666,750.0
102.6,750.0
102.63333333333334,750.0
102.66666666666667,750.0
102.7,750.0
102.73333333333333,750.0
102.76666666666667,750.0
102.8,750.0
102.83333333333333,750.0
102.86666666666666,750.0
102.9,750.0
102.93333333333334,750.0
102.96666666666667,750.0
103.0,750.0
103.03333333333333,750.0
103.06666666666666,750.0
103.1,750.0
103.13333333333334,750.0
103.16666666666667,750.0
103.2,750.0
103.23333333333333,750.0
103.26666666666667,750.0
103.3,750.0
103.33333333333333,750.0
103.36666666666666,750.0
103.4,750.0
103.43333333333334,750.0
103.46666666666667,750.0
103.5,750.0
103.53333333333333,750.0
103.56666666666666,750.0
103.6,750.0
103.63333333333334,750.0
103.66666666666667,750.0
103.7,750.0
103.73333333333333,750.0
103.76666666666667,750.0
103.8,750.0
103.83333333333333,750.0
103.86666666666666,750.0
103.9,750.0
103.93333333333334,750.0
103.96666666666667,750.0
104.0,750.0
104.03333333333333,750.0
104.06666666666666,750.0
104.1,750.0
104.13333333333334,750.0
104.16666666666667,750.0
104.2,750.0
104.23333333333333,750.0
104.26666666666667,750.0
104.3,750.0
104.33333333333333,750.0
104.36666666666666,750.0
104.4,750.0
104.43333333333334,750.0
104.46666666666667,750.0
104.5,750.0
104.53333333333333,750.0
104.56666666666666,750.0
104.6,750.0
104.63333333333334,750.0
104.66666666666667,750.0
104.7,750.0
104.73333333333333,750.0
104.76666666666667,750.0
104.8,750.0
104.83333333333333,750.0
104.86666666666666,750.0
104.9,750.0
104.93333333333334,750.0
104.96666666666667,750.0
105.0,750.0
105.03333333333333,750.0
105.06666666666666,750.0
105.1,750.0
105.13333333333334,750.0
105.16666666666667,750.0
105.2,750.0
105.23333333333333,750.0
105.26666666666667,750.0
105.3,750.0
105.33333333333333,750.0
105.36666666666666,750.0
105.4,750.0
105.43333333333334,750.0
105.46666666666667,750.0
105.5,750.0
105.53333333333333,750.0
105.56666666666666,750.0
105.6,750.0
105.63333333333334,750.0
105.66666666666667,750.0
105.7,750.0
105.73333333333333,750.0
105.76666666666667,750.0
105.8,750.0
105.83333333333333,750.0
105.86666666666666,750.0
105.9,750.0
105.93333333333334,750.0
105.96666666666667,750.0
106.0,750.0
106.03333333333333,750.0
106.06666666666666,750.0
106.1,750.0
106.13333333333334,750.0
106.16666666666667,750.0
106.2,750.0
106.23333333333333,750.0
106.26666666666667,750.0
106.3,750.0
106.33333333333333,750.0
106.36666666666666,750.0
106.4,750.0
106.43333333333334,750.0
106.46666666666667,750.0
106.5,750.0
106.53333333333333,750.0
106.56666666666666,750.0
106.6,750.0
106.63333333333334,750.0
106.66666666666667,750.0
106.7,750.0
106.73333333333333,750.0
106.76666666666667,750.0
106.8,750.0
106.83333333333333,750.0
106.86666666666666,750.0
106.9,750.0
106.93333333333334,750.0
106.96666666666667,750.0
107.0,750.0
107.03333333333333,750.0
107.06666666666666,750.0
107.1,750.0
107.13333333333334,750.0
107.16666666666667,750.0
107.2,750.0
107.23333333333333,750.0
107.26666666666667,750.0
107.3,750.0
107.33333333333333,750.0
107.36666666666666,750.0
107.4,750.0
107.43333333333334,750.0
107.46666666666667,750.0
107.5,750.0
107.53333333333333,750.0
107.56666666666666,750.0
107.6,750.0
107.63333333333334,750.0
107.66666666666667,750.0
107.7,750.0
107.73333333333333,750.0
107.76666666666667,750.0
107.8,750.0
107.83333333333333,750.0
107.86666666666666,750.0
107.9,750.0
107.93333333333334,750.0
107.96666666666667,750.0
108.0,750.0
108.03333333333333,750.0
108.06666666666666,750.0
108.1,750.0
108.13333333333334,750.0
108.16666666666667,750.0
108.2,750.0
108.23333333333333,750.0
108.26666666666667,750.0
108.3,750.0
108.33333333333333,750.0
108.36666666666666,750.0
108.4,750.0
108.43333333333334,750.0
108.46666666666667,750.0
108.5,750.0
108.53333333333333,750.0
108.56666666666666,750.0
108.6,750.0
108.63333333333334,750.0
108.66666666666667,750.0
108.7,750.0
108.73333333333333,750.0
108.76666666666667,750.0
108.8,750.0
108.83333333333333,750.0
108.86666666666666,750.0
108.9,750.0
108.93333333333334,750.0
108.96666666666667,750.0
109.0,750.0
109.03333333333333,750.0
109.06666666666666,750.0
109.1,750.0
109.13333333333334,750.0
109.16666666666667,750.0
109.2,750.0
109.23333333333333,750.0
109.26666666666667,750.0
109.3,750.0
109.33333333333333,750.0
109.36666666666666,750.0
109.4,750.0
109.43333333333334,750.0
109.46666666666667,750.0
109.5,750.0
109.53333333333333,750.0
109.56666666666666,750.0
109.6,750.0
109.63333333333334,750.0
109.66666666666667,750.0
109.7,750.0
109.73333333333333,750.0
109.76666666666667,750.0
109.8,750.0
109.83333333333333,750.0
109.86666666666666,750.0
109.9,750.0
109.93333333333334,750.0
109.96666666666667,750.0
110.0,750.0
110.03333333333333,750.0
110.06666666666666,750.0
110.1,750.0
110.13333333333334,750.0
110.16666666666667,750.0
110.2,750.0
110.23333333333333,750.0
110.26666666666667,750.0
110.3,750.0
110.33333333333333,750.0
110.36666666666666,750.0
110.4,750.0
110.43333333333334,750.0
110.46666666666667,750.0
110.5,750.0
110.53333333333333,750.0
110.56666666666666,750.0
110.6,750.0
110.63333333333334,750.0
110.66666666666667,750.0
110.7,750.0
110.73333333333333,750.0
110.76666666666667,750.0
110.8,750.0
110.83333333333333,750.0
110.86666666666666,750.0
110.9,750.0
110.93333333333334,750.0
110.96666666666667,750.0
111.0,750.0
111.03333333333333,750.0
111.06666666666666,750.0
111.1,750.0
111.13333333333334,750.0
111.16666666666667,750.0
111.2,750.0
111.23333333333333,750.0
111.26666666666667,750.0
111.3,750.0
111.33333333333333,750.0
111.36666666666666,750.0
111.4,750.0
111.43333333333334,750.0
111.46666666666667,750.0
111.5,750.0
111.53333333333333,750.0
111.56666666666666,750.0
111.6,750.0
111.63333333333334,750.0
111.66666666666667,750.0
111.7,750.0
111.73333333333333,750.0
111.76666666666667,750.0
111.8,750.0
111.83333333333333,750.0
111.86666666666666,750.0
111.9,750.0
111.93333333333334,750.0
111.96666666666667,750.0
112.0,750.0
112.03333333333333,750.0
112.06666666666666,750.0
112.1,750.0
112.13333333333334,750.0
112.16666666666667,750.0
112.2,750.0
112.23333333333333,750.0
112.26666666666667,750.0
112.3,750.0
112.33333333333333,750.0
112.36666666666666,750.0
112.4,750.0
112.43333333333334,750.0
112.46666666666667,750.0
112.5,750.0
112.53333333333333,750.0
112.56666666666666,750.0
112.6,750.0
112.63333333333334,750.0
112.66666666666667,750.0
112.7,750.0
112.73333333333333,750.0
112.76666666666667,750.0
112.8,750.0
112.83333333333333,750.0
112.86666666666666,750.0
112.9,750.0
112.93333333333334,750.0
112.96666666666667,750.0
113.0,750.0
113.03333333333333,750.0
113.06666666666666,750.0
113.1,750.0
113.13333333333334,750.0
113.16666666666667,750.0
113.2,750.0
113.23333333333333,750.0
113.26666666666667,750.0
113.3,750.0
113.33333333333333,750.0
113.36666666666666,750.0
113.4,750.0
113.43333333333334,750.0
113.46666666666667,750.0
113.5,750.0
113.53333333333333,750.0
113.56666666666666,750.0
113.6,750.0
113.63333333333334,750.0
113.66666666666667,750.0
113.7,750.0
113.73333333333333,750.0
113.76666666666667,750.0
113.8,750.0
113.83333333333333,750.0
113.86666666666666,750.0
113.9,750.0
113.93333333333334,750.0
113.96666666666667,750.0
114.0,750.0
114.03333333333333,750.0
114.06666666666666,750.0
114.1,750.0
114.13333333333334,750.0
114.16666666666667,750.0
114.2,750.0
114.23333333333333,750.0
114.26666666666667,750.0
114.3,750.0
114.33333333333333,750.0
114.36666666666666,750.0
114.4,750.0
114.43333333333334,750.0
114.46666666666667,750.0
114.5,750.0
114.53333333333333,750.0
114.56666666666666,750.0
114.6,750.0
114.63333333333334,750.0
114.66666666666667,750.0
114.7,750.0
114.73333333333333,750.0
114.76666666666667,750.0
114.8,750.0
114.83333333333333,750.0
114.86666666666666,750.0
114.9,750.0
114.93333333333334,750.0
114.96666666666667,750.0
115.0,750.0
115.03333333333333,750.0
115.06666666666666,750.0
115.1,750.0
115.13333333333334,750.0
115.16666666666667,750.0
115.2,750.0
115.23333333333333,750.0
115.26666666666667,750.0
115.3,750.0
115.33333333333333,750.0
115.36666666666666,750.0
115.4,750.0
115.43333333333334,750.0
115.46666666666667,750.0
115.5,750.0
115.53333333333333,750.0
115.56666666666666,750.0
115.6,750.0
115.63333333333334,750.0
115.66666666666667,750.0
115.7,750.0
115.73333333333333,750.0
115.76666666666667,750.0
115.8,750.0
115.83333333333333,750.0
115.86666666666666,750.0
115.9,750.0
115.93333333333334,750.0
115.96666666666667,750.0
116.0,750.0
116.03333333333333,750.0
116.06666666666666,750.0
116.1,750.0
116.13333333333334,750.0
116.16666666666667,750.0
116.2,750.0
116.23333333333333,750.0
116.26666666666667,750.0
116.3,750.0
116.33333333333333,750.0
116.36666666666666,750.0
116.4,750.0
116.43333333333334,750.0
116.46666666666667,750.0
116.5,750.0
116.53333333333333,750.0
116.56666666666666,750.0
116.6,750.0
116.63333333333334,750.0
116.66666666666667,750.0
116.7,750.0
116.73333333333333,750.0
116.76666666666667,750.0
116.8,750.0
116.83333333333333,750.0
116.86666666666666,750.0
116.9,750.0
116.93333333333334,750.0
116.96666666666667,750.0
117.0,750.0
117.03333333333333,750.0
117.06666666666666,750.0
117.1,750.0
117.13333333333334,750.0
117.16666666666667,750.0
117.2,750.0
117.23333333333333,750.0
117.26666666666667,750.0
117.3,750.0
117.33333333333333,750.0
117.36666666666666,750.0
117.4,750.0
117.43333333333334,750.0
117.46666666666667,750.0
117.5,750.0
117.53333333333333,750.0
117.56666666666666,750.0
117.6,750.0
117.63333333333334,750.0
117.66666666666667,750.0
117.7,750.0
117.73333333333333,750.0
117.76666666666667,750.0
117.8,750.0
117.83333333333333,750.0
117.86666666666666,750.0
117.9,750.0
117.93333333333334,750.0
117.96666666666667,750.0
118.0,750.0
118.03333333333333,750.0
118.06666666666666,750.0
118.1,750.0
118.13333333333334,750.0
118.16666666666667,750.0
118.2,750.0
118.23333333333333,750.0
118.26666666666667,750.0
118.3,750.0
118.33333333333333,750.0
118.36666666666666,750.0
118.4,750.0
118.43333333333334,750.0
118.46666666666667,750.0
118.5,750.0
118.53333333333333,750.0
118.56666666666666,750.0
118.6,750.0
118.63333333333334,750.0
118.66666666666667,750.0
118.7,750.0
118.73333333333333,750.0
118.76666666666667,750.0
118.8,750.0
118.83333333333333,750.0
118.86666666666666,750.0
118.9,750.0
118.93333333333334,750.0
118.96666666666667,750.0
119.0,750.0
119.03333333333333,750.0
119.06666666666666,750.0
119.1,750.0
119.13333333333334,750.0
119.16666666666667,750.0
119.2,750.0
119.23333333333333,750.0
119.26666666666667,750.0
119.3,750.0
119.33333333333333,750.0
119.36666666666666,750.0
