time,distance
0.0,752.7668961903147
0.03333333333333333,776.073450132138
0.06666666666666667,795.5105279001655
0.1,842.0213774008354
0.13333333333333333,885.0943452536571
0.16666666666666666,917.0387123780544
0.2,937.6406561151239
0.23333333333333334,948.2615672903759
0.26666666666666666,960.7835344134495
0.3,976.418455376587
0.3333333333333333,1006.0402576437982
0.36666666666666664,1032.0198641499107
0.4,1054.24190772327
0.43333333333333335,1065.5045753069294
0.4666666666666667,1073.3484988576636
0.5,1077.5012761013325
0.5333333333333333,1077.4646165884058
0.5666666666666667,1085.3888704054414
0.6,1100.272693471941
0.6333333333333333,1113.0291999763529
0.6666666666666666,1129.3737202538405
0.7,1141.7968295629482
0.7333333333333333,1149.4076735432038
0.7666666666666667,1155.4410413344335
0.8,1161.437471412043
0.8333333333333334,1167.7200006850958
0.8666666666666667,1174.5982291830683
0.9,1176.7922501444339
0.9333333333333333,1183.7035101747397
0.9666666666666667,1186.734174109771
1.0,1189.1215244877203
1.0333333333333334,1189.1652534446168
1.0666666666666667,1190.1268839917868
1.1,1188.7005510219974
1.1333333333333333,1192.2482962873128
1.1666666666666667,1193.0653795999615
1.2,1188.663535236107
1.2333333333333334,1185.828402425916
1.2666666666666666,1189.1513780843884
1.3,1187.5571565192135
1.3333333333333333,1187.1920653373656
1.3666666666666667,1184.1304826749458
1.4,1181.2705024675763
1.4333333333333333,1180.1160959837807
1.4666666666666666,1178.492681351904
1.5,1179.2476415070755
1.5333333333333334,1179.946608961609
1.5666666666666667,1177.321111676844
1.6,1178.611471181237
1.6333333333333333,1178.2130537385842
1.6666666666666667,1173.9936115669454
1.7,1173.1005924472122
1.7333333333333334,1168.871678158043
1.7666666666666666,1169.3151841997092
1.8,1174.1081721885764
1.8333333333333333,1182.2495506448713
1.8666666666666667,1180.6074707539335
1.9,1180.46939816329
1.9333333333333333,1176.5428169004306
1.9666666666666666,1174.8608428235234
2.0,1173.5902180914768
2.033333333333333,1166.8594602607461
2.066666666666667,1167.9220864424133
2.1,1174.4700932761123
2.1333333333333333,1186.5399276889084
2.1666666666666665,1197.6727432817363
2.2,1192.1514165574774
2.2333333333333334,1187.1208868518825
2.2666666666666666,1191.4298132915762
2.3,1183.1703174099662
2.3333333333333335,1172.5105543234995
2.3666666666666667,1171.2561632708705
2.4,1172.4930703419957
2.433333333333333,1166.2589763856054
2.466666666666667,1161.3840880604487
2.5,1154.8978309790004
2.533333333333333,1142.21188927449
2.566666666666667,1110.8919839480345
2.6,1088.1585362436854
2.6333333333333333,1074.2671920895657
2.6666666666666665,1059.3700958588552
2.7,1035.4598012477356
2.7333333333333334,1015.6062229033455
2.7666666666666666,997.2226431444485
2.8,973.4320726172937
2.8333333333333335,945.0190474270876
2.8666666666666667,915.9672483227771
2.9,874.305438619708
2.933333333333333,857.7651193654356
2.966666666666667,842.2404644755558
3.0,819.8835283136258
3.033333333333333,817.3181754983796
3.066666666666667,803.5452694154823
3.1,782.1745329528442
3.1333333333333333,750.9700393491074
3.1666666666666665,719.4755034050846
3.2,702.0113959188982
3.2333333333333334,691.3559141281718
3.2666666666666666,677.5559017527631
3.3,677.8038064218879
3.3333333333333335,666.2762189962958
3.3666666666666667,644.715441105609
3.4,623.2335035923534
3.433333333333333,606.488252153329
3.466666666666667,599.6282181485458
3.5,590.3329568980542
3.533333333333333,553.2314163168971
3.566666666666667,580.4903099966441
3.6,566.4803615307419
3.6333333333333333,565.0805252351208
3.6666666666666665,612.2221818915091
3.7,651.5519933205638
3.7333333333333334,654.9656479541503
3.7666666666666666,644.3616996687497
3.8,658.6448208253064
3.8333333333333335,625.4318508039065
3.8666666666666667,599.9083263299485
3.9,582.8979327463771
3.933333333333333,603.252849143707
3.966666666666667,605.8976811310636
4.0,608.0370054527931
4.033333333333333,605.2478831024525
4.066666666666666,604.7024061470237
4.1,571.2241241404288
4.133333333333334,523.8940732629069
4.166666666666667,493.3153149862672
4.2,469.6913880411264
4.233333333333333,448.84964074843595
4.266666666666667,451.29701971096597
4.3,442.7392008846743
4.333333333333333,383.29362113137233
4.366666666666666,351.35309874825356
4.4,333.56858365259757
4.433333333333334,293.63923443572725
4.466666666666667,272.5472436110848
4.5,238.0756182392477
4.533333333333333,238.2120903732638
4.566666666666666,231.07790893982056
4.6,214.55302374937528
4.633333333333334,191.23022773609824
4.666666666666667,166.20770138594662
4.7,156.33937443907084
4.733333333333333,143.55835050598765
4.766666666666667,142.41137595009747
4.8,151.40013210033868
4.833333333333333,161.4094173212951
4.866666666666666,181.06904760339356
4.9,205.30221625691235
4.933333333333334,240.18534509832193
4.966666666666667,277.91365565585295
5.0,317.0141952657641
5.033333333333333,346.56024007378574
5.066666666666666,357.1120272407526
5.1,368.099171419877
5.133333333333334,376.19276973381614
5.166666666666667,384.08853146117235
5.2,382.0117799230804
5.233333333333333,381.69359439215117
5.266666666666667,375.4703716673261
5.3,382.51405202946466
5.333333333333333,373.3537196814838
5.366666666666666,365.6364314452268
5.4,362.42792386900874
5.433333333333334,341.2565017695634
5.466666666666667,327.00611615075337
5.5,294.11052344314373
5.533333333333333,270.60118255469615
5.566666666666666,266.18038996139444
5.6,218.07338214463496
5.633333333333334,
5.666666666666667,
5.7,
5.733333333333333,
5.766666666666667,
5.8,
5.833333333333333,
5.866666666666666,
5.9,
5.933333333333334,
5.966666666666667,
6.0,
6.033333333333333,
6.066666666666666,
6.1,
6.133333333333334,
6.166666666666667,
6.2,
6.233333333333333,
6.266666666666667,
6.3,
6.333333333333333,
6.366666666666666,
6.4,
6.433333333333334,
6.466666666666667,
6.5,
6.533333333333333,
6.566666666666666,
6.6,
6.633333333333334,
6.666666666666667,
6.7,
6.733333333333333,
6.766666666666667,
6.8,
6.833333333333333,
6.866666666666666,
6.9,
6.933333333333334,
6.966666666666667,
7.0,
7.033333333333333,
7.066666666666666,
7.1,
7.133333333333334,
7.166666666666667,
7.2,
7.233333333333333,
7.266666666666667,
7.3,
7.333333333333333,
7.366666666666666,
7.4,
7.433333333333334,
7.466666666666667,
7.5,
7.533333333333333,
7.566666666666666,427.93106921559223
7.6,432.03356351098466
7.633333333333334,442.4714680066953
7.666666666666667,443.6800649116433
7.7,438.78240621064106
7.733333333333333,432.9618920875139
7.766666666666667,419.49493441518456
7.8,411.91868129522845
7.833333333333333,399.0050124998432
7.866666666666666,400.0124998046936
7.9,
7.933333333333334,
7.966666666666667,
8.0,
8.033333333333333,
8.066666666666666,
8.1,
8.133333333333333,
8.166666666666666,
8.2,
8.233333333333333,
8.266666666666667,
8.3,
8.333333333333334,322.4437935516824
8.366666666666667,305.6795707926848
8.4,285.8058781760795
8.433333333333334,265.33940529065785
8.466666666666667,245.40986125255847
8.5,
8.533333333333333,
8.566666666666666,
8.6,
8.633333333333333,
8.666666666666666,
8.7,
8.733333333333333,
8.766666666666667,
8.8,
8.833333333333334,
8.866666666666667,
8.9,
8.933333333333334,
8.966666666666667,
9.0,
9.033333333333333,
9.066666666666666,
9.1,
9.133333333333333,
9.166666666666666,
9.2,
9.233333333333333,
9.266666666666667,116.72617529928752
9.3,
9.333333333333334,
9.366666666666667,
9.4,
9.433333333333334,154.6156525064652
9.466666666666667,181.95878654244757
9.5,211.65301793265317
9.533333333333333,240.69275020241054
9.566666666666666,258.44341740504825
9.6,278.0593461835081
9.633333333333333,291.547594742265
9.666666666666666,330.08180804158235
9.7,351.51386885868385
9.733333333333333,369.10973977937783
9.766666666666667,395.37956446938426
9.8,432.0208328310106
9.833333333333334,441.0045351240733
9.866666666666667,489.56817707036475
9.9,517.8899496997408
9.933333333333334,546.2984532286358
9.966666666666667,583.5451996203893
10.0,607.5565817271672
10.033333333333333,644.4175664893066
10.066666666666666,670.3223105342682
10.1,688.7466878323263
10.133333333333333,711.4246270688133
10.166666666666666,737.1431339977331
10.2,776.9581713322797
10.233333333333333,794.2726232220269
10.266666666666667,838.6137370685028
10.3,850.1729235867253
10.333333333333334,873.8340803607971
10.366666666666667,918.9760606239969
10.4,938.2819405701039
10.433333333333334,941.0738547000443
10.466666666666667,968.9174371431242
10.5,982.1023368264633
10.533333333333333,1003.8969070576918
10.566666666666666,1000.4818838939564
10.6,1027.3869767521876
10.633333333333333,1040.9731024382907
10.666666666666666,1053.2331175955303
10.7,1081.123952190497
10.733333333333333,1103.160006526705
10.766666666666667,1119.3502579621804
10.8,1140.140342238621
10.833333333333334,1157.8851411085643
10.866666666666667,1179.5834010361455
10.9,1188.7005510219974
10.933333333333334,1184.4682351165015
10.966666666666667,1194.625464319257
11.0,1196.1688843971824
11.033333333333333,1198.4256339047492
11.066666666666666,1191.824232007388
11.1,
11.133333333333333,
11.166666666666666,
11.2,
11.233333333333333,
11.266666666666667,
11.3,
11.333333333333334,
11.366666666666667,
11.4,
11.433333333333334,
11.466666666666667,
11.5,
11.533333333333333,
11.566666666666666,
11.6,
11.633333333333333,
11.666666666666666,
11.7,1203.8048014524613
11.733333333333333,
11.766666666666667,
11.8,
11.833333333333334,
11.866666666666667,
11.9,
11.933333333333334,
11.966666666666667,
12.0,
12.033333333333333,
12.066666666666666,
12.1,
12.133333333333333,
12.166666666666666,
12.2,
12.233333333333333,
12.266666666666667,
12.3,
12.333333333333334,
12.366666666666667,
12.4,
12.433333333333334,
12.466666666666667,
12.5,
12.533333333333333,
12.566666666666666,
12.6,
12.633333333333333,
12.666666666666666,
12.7,
12.733333333333333,
12.766666666666667,
12.8,
12.833333333333334,
12.866666666666667,
12.9,
12.933333333333334,
12.966666666666667,
13.0,
13.033333333333333,
13.066666666666666,
13.1,
13.133333333333333,
13.166666666666666,
13.2,
13.233333333333333,
13.266666666666667,
13.3,
13.333333333333334,
13.366666666666667,
13.4,
13.433333333333334,
13.466666666666667,
13.5,
13.533333333333333,
13.566666666666666,
13.6,
13.633333333333333,
13.666666666666666,
13.7,
13.733333333333333,
13.766666666666667,
13.8,
13.833333333333334,
13.866666666666667,
13.9,
13.933333333333334,
13.966666666666667,
14.0,
14.033333333333333,
14.066666666666666,
14.1,
14.133333333333333,1270.1322765759478
14.166666666666666,1257.2891473324662
14.2,1242.0004025764242
14.233333333333333,1231.9549504750569
14.266666666666667,1224.1098806888212
14.3,1203.8903604564662
14.333333333333334,1197.9002462642704
14.366666666666667,1205.4297988684368
14.4,1207.5272253659543
14.433333333333334,
14.466666666666667,
14.5,
14.533333333333333,
14.566666666666666,
14.6,
14.633333333333333,
14.666666666666666,
14.7,
14.733333333333333,
14.766666666666667,
14.8,
14.833333333333334,
14.866666666666667,
14.9,
14.933333333333334,
14.966666666666667,
15.0,
15.033333333333333,
15.066666666666666,
15.1,
15.133333333333333,791.2016177940993
15.166666666666666,772.2337728952289
15.2,766.8930825088984
15.233333333333333,769.8603769515613
15.266666666666667,774.1227292878049
15.3,776.073450132138
15.333333333333334,784.6374959177008
15.366666666666667,803.473086045824
15.4,814.0884472832175
15.433333333333334,819.1123244097845
15.466666666666667,788.5106213615642
15.5,776.8577733407834
15.533333333333333,753.8540972893893
15.566666666666666,719.0278158736281
15.6,665.976726320072
15.633333333333333,656.128798331547
15.666666666666666,651.4598989960932
15.7,640.0328116589023
15.733333333333333,630.012698284725
15.766666666666667,625.3143209618663
15.8,615.2479175096817
15.833333333333334,627.7523397009365
15.866666666666667,638.1888435251748
15.9,635.600503461097
15.933333333333334,
15.966666666666667,
16.0,658.9840665752093
16.033333333333335,657.0121764472863
16.066666666666666,653.0122510336234
16.1,611.2364517925939
16.133333333333333,588.5745492288976
16.166666666666668,561.5870368874267
16.2,547.252227039781
16.233333333333334,546.7010151810586
16.266666666666666,549.4442646893314
16.3,551.3945955484148
16.333333333333332,558.2490483646166
16.366666666666667,568.6308116871614
16.4,579.1312459192649
16.433333333333334,588.7996263585771
16.466666666666665,599.3413051008582
16.5,610.7348033312004
16.533333333333335,622.3568108408551
16.566666666666666,627.9251547756309
16.6,638.5209471896752
16.633333333333333,645.6353459964843
16.666666666666668,651.5251338206378
16.7,651.6632565980684
16.733333333333334,657.998480241406
16.766666666666666,
16.8,671.8050312404634
16.833333333333332,685.1955925135537
16.866666666666667,
16.9,
16.933333333333334,
16.966666666666665,
17.0,
17.033333333333335,
17.066666666666666,
17.1,
17.133333333333333,
17.166666666666668,
17.2,
17.233333333333334,
17.266666666666666,
17.3,
17.333333333333332,
17.366666666666667,
17.4,
17.433333333333334,
17.466666666666665,
17.5,
17.533333333333335,
17.566666666666666,
17.6,
17.633333333333333,
17.666666666666668,
17.7,
17.733333333333334,
17.766666666666666,
17.8,
17.833333333333332,
17.866666666666667,
17.9,
17.933333333333334,
17.966666666666665,
18.0,
18.033333333333335,
18.066666666666666,
18.1,
18.133333333333333,
18.166666666666668,
18.2,
18.233333333333334,
18.266666666666666,
18.3,
18.333333333333332,
18.366666666666667,
18.4,
18.433333333333334,
18.466666666666665,
18.5,
18.533333333333335,
18.566666666666666,
18.6,
18.633333333333333,
18.666666666666668,
18.7,
18.733333333333334,
18.766666666666666,
18.8,
18.833333333333332,
18.866666666666667,
18.9,
18.933333333333334,
18.966666666666665,
19.0,
19.033333333333335,
19.066666666666666,
19.1,
19.133333333333333,
19.166666666666668,
19.2,
19.233333333333334,
19.266666666666666,
19.3,
19.333333333333332,
19.366666666666667,
19.4,
19.433333333333334,
19.466666666666665,
19.5,
19.533333333333335,
19.566666666666666,
19.6,
19.633333333333333,
19.666666666666668,
19.7,
19.733333333333334,
19.766666666666666,
19.8,
19.833333333333332,
19.866666666666667,
19.9,
19.933333333333334,
19.966666666666665,
20.0,
20.033333333333335,
20.066666666666666,
20.1,
20.133333333333333,
20.166666666666668,
20.2,
20.233333333333334,
20.266666666666666,
20.3,
20.333333333333332,
20.366666666666667,
20.4,
20.433333333333334,
20.466666666666665,
20.5,
20.533333333333335,
20.566666666666666,
20.6,
20.633333333333333,
20.666666666666668,
20.7,
20.733333333333334,
20.766666666666666,
20.8,
20.833333333333332,
20.866666666666667,
20.9,
20.933333333333334,
20.966666666666665,
21.0,
21.033333333333335,
21.066666666666666,
21.1,
21.133333333333333,
21.166666666666668,
21.2,
21.233333333333334,
21.266666666666666,
21.3,
21.333333333333332,
21.366666666666667,
21.4,
21.433333333333334,
21.466666666666665,
21.5,
21.533333333333335,
21.566666666666666,
21.6,
21.633333333333333,
21.666666666666668,
21.7,
21.733333333333334,
21.766666666666666,
21.8,
21.833333333333332,
21.866666666666667,
21.9,
21.933333333333334,
21.966666666666665,
22.0,
22.033333333333335,
22.066666666666666,
22.1,
22.133333333333333,
22.166666666666668,
22.2,
22.233333333333334,
22.266666666666666,
22.3,
22.333333333333332,
22.366666666666667,
22.4,
22.433333333333334,
22.466666666666665,
22.5,
22.533333333333335,
22.566666666666666,
22.6,
22.633333333333333,
22.666666666666668,
22.7,
22.733333333333334,
22.766666666666666,
22.8,
22.833333333333332,
22.866666666666667,
22.9,
22.933333333333334,
22.966666666666665,
23.0,
23.033333333333335,
23.066666666666666,
23.1,
23.133333333333333,
23.166666666666668,
23.2,
23.233333333333334,
23.266666666666666,
23.3,
23.333333333333332,
23.366666666666667,
23.4,
23.433333333333334,
23.466666666666665,
23.5,
23.533333333333335,
23.566666666666666,
23.6,
23.633333333333333,
23.666666666666668,
23.7,
23.733333333333334,
23.766666666666666,
23.8,
23.833333333333332,
23.866666666666667,
23.9,
23.933333333333334,
23.966666666666665,
24.0,
24.033333333333335,
24.066666666666666,
24.1,
24.133333333333333,
24.166666666666668,
24.2,
24.233333333333334,
24.266666666666666,
24.3,
24.333333333333332,
24.366666666666667,
24.4,
24.433333333333334,
24.466666666666665,
24.5,
24.533333333333335,
24.566666666666666,
24.6,
24.633333333333333,
24.666666666666668,
24.7,
24.733333333333334,
24.766666666666666,
24.8,
24.833333333333332,
24.866666666666667,
24.9,
24.933333333333334,
24.966666666666665,
25.0,
25.033333333333335,
25.066666666666666,
25.1,
25.133333333333333,
25.166666666666668,
25.2,
25.233333333333334,
25.266666666666666,693.3108970728788
25.3,695.011510696046
25.333333333333332,699.0064377385947
25.366666666666667,702.1573897638619
25.4,710.2513639550438
25.433333333333334,716.3274390947201
25.466666666666665,
25.5,
25.533333333333335,
25.566666666666666,
25.6,
25.633333333333333,
25.666666666666668,
25.7,
25.733333333333334,
25.766666666666666,
25.8,
25.833333333333332,
25.866666666666667,
25.9,
25.933333333333334,
25.966666666666665,
26.0,
26.033333333333335,
26.066666666666666,
26.1,
26.133333333333333,
26.166666666666668,
26.2,
26.233333333333334,
26.266666666666666,
26.3,
26.333333333333332,
26.366666666666667,
26.4,
26.433333333333334,697.9061541496823
26.466666666666665,689.517222409999
26.5,690.1970733058783
26.533333333333335,695.2481571352779
26.566666666666666,698.1933829534622
26.6,694.2225867832306
26.633333333333333,692.6304931202495
26.666666666666668,693.5027036717305
26.7,696.6089290268967
26.733333333333334,701.4627573863063
26.766666666666666,
26.8,
26.833333333333332,
26.866666666666667,
26.9,
26.933333333333334,
26.966666666666665,
27.0,
27.033333333333335,
27.066666666666666,
27.1,
27.133333333333333,
27.166666666666668,
27.2,
27.233333333333334,
27.266666666666666,
27.3,
27.333333333333332,
27.366666666666667,
27.4,
27.433333333333334,
27.466666666666665,
27.5,
27.533333333333335,
27.566666666666666,
27.6,
27.633333333333333,
27.666666666666668,
27.7,
27.733333333333334,
27.766666666666666,
27.8,
27.833333333333332,
27.866666666666667,
27.9,
27.933333333333334,
27.966666666666665,
28.0,
28.033333333333335,
28.066666666666666,
28.1,
28.133333333333333,
28.166666666666668,
28.2,
28.233333333333334,
28.266666666666666,
28.3,
28.333333333333332,
28.366666666666667,
28.4,
28.433333333333334,
28.466666666666665,
28.5,
28.533333333333335,
28.566666666666666,
28.6,
28.633333333333333,
28.666666666666668,
28.7,
28.733333333333334,
28.766666666666666,
28.8,
28.833333333333332,
28.866666666666667,
28.9,
28.933333333333334,
28.966666666666665,
29.0,
29.033333333333335,
29.066666666666666,
29.1,
29.133333333333333,
29.166666666666668,
29.2,
29.233333333333334,
29.266666666666666,
29.3,
29.333333333333332,
29.366666666666667,
29.4,
29.433333333333334,
29.466666666666665,
29.5,
29.533333333333335,
29.566666666666666,
29.6,
29.633333333333333,
29.666666666666668,
29.7,
29.733333333333334,
29.766666666666666,
29.8,
29.833333333333332,
29.866666666666667,
29.9,
29.933333333333334,
29.966666666666665,
30.0,
30.033333333333335,
30.066666666666666,
30.1,
30.133333333333333,
30.166666666666668,
30.2,
30.233333333333334,
30.266666666666666,
30.3,
30.333333333333332,
30.366666666666667,
30.4,
30.433333333333334,
30.466666666666665,
30.5,
30.533333333333335,
30.566666666666666,
30.6,
30.633333333333333,
30.666666666666668,
30.7,
30.733333333333334,
30.766666666666666,
30.8,
30.833333333333332,
30.866666666666667,
30.9,
30.933333333333334,
30.966666666666665,
31.0,
31.033333333333335,
31.066666666666666,
31.1,
31.133333333333333,
31.166666666666668,
31.2,
31.233333333333334,
31.266666666666666,
31.3,
31.333333333333332,
31.366666666666667,
31.4,
31.433333333333334,
31.466666666666665,
31.5,
31.533333333333335,
31.566666666666666,
31.6,
31.633333333333333,
31.666666666666668,
31.7,
31.733333333333334,
31.766666666666666,
31.8,
31.833333333333332,
31.866666666666667,
31.9,
31.933333333333334,
31.966666666666665,
32.0,
32.03333333333333,
32.06666666666667,
32.1,
32.13333333333333,
32.166666666666664,
32.2,
32.233333333333334,
32.266666666666666,
32.3,
32.333333333333336,
32.36666666666667,
32.4,
32.43333333333333,
32.46666666666667,
32.5,
32.53333333333333,
32.56666666666667,
32.6,
32.63333333333333,
32.666666666666664,
32.7,
32.733333333333334,
32.766666666666666,
32.8,
32.833333333333336,
32.86666666666667,
32.9,
32.93333333333333,
32.96666666666667,
33.0,
33.03333333333333,
33.06666666666667,
33.1,
33.13333333333333,
33.166666666666664,
33.2,
33.233333333333334,
33.266666666666666,
33.3,
33.333333333333336,
33.36666666666667,
33.4,
33.43333333333333,
33.46666666666667,
33.5,
33.53333333333333,
33.56666666666667,
33.6,
33.63333333333333,
33.666666666666664,
33.7,
33.733333333333334,
33.766666666666666,
33.8,
33.833333333333336,
33.86666666666667,
33.9,
33.93333333333333,
33.96666666666667,
34.0,
34.03333333333333,
34.06666666666667,
34.1,
34.13333333333333,
34.166666666666664,
34.2,
34.233333333333334,
34.266666666666666,
34.3,
34.333333333333336,
34.36666666666667,
34.4,
34.43333333333333,
34.46666666666667,
34.5,
34.53333333333333,
34.56666666666667,
34.6,
34.63333333333333,
34.666666666666664,
34.7,
34.733333333333334,
34.766666666666666,
34.8,
34.833333333333336,
34.86666666666667,
34.9,
34.93333333333333,
34.96666666666667,
35.0,
35.03333333333333,
35.06666666666667,
35.1,
35.13333333333333,
35.166666666666664,
35.2,
35.233333333333334,
35.266666666666666,
35.3,
35.333333333333336,
35.36666666666667,
35.4,
35.43333333333333,
35.46666666666667,
35.5,
35.53333333333333,
35.56666666666667,
35.6,
35.63333333333333,
35.666666666666664,
35.7,
35.733333333333334,
35.766666666666666,
35.8,
35.833333333333336,
35.86666666666667,
35.9,
35.93333333333333,
35.96666666666667,
36.0,
36.03333333333333,
36.06666666666667,
36.1,
36.13333333333333,
36.166666666666664,
36.2,
36.233333333333334,
36.266666666666666,
36.3,
36.333333333333336,
36.36666666666667,
36.4,
36.43333333333333,
36.46666666666667,
36.5,
36.53333333333333,
36.56666666666667,
36.6,
36.63333333333333,
36.666666666666664,
36.7,
36.733333333333334,
36.766666666666666,
36.8,
36.833333333333336,
36.86666666666667,
36.9,
36.93333333333333,
36.96666666666667,
37.0,
37.03333333333333,
37.06666666666667,
37.1,
37.13333333333333,
37.166666666666664,
37.2,
37.233333333333334,
37.266666666666666,
37.3,
37.333333333333336,
37.36666666666667,
37.4,
37.43333333333333,
37.46666666666667,
37.5,
37.53333333333333,
37.56666666666667,
37.6,
37.63333333333333,
37.666666666666664,
37.7,
37.733333333333334,
37.766666666666666,
37.8,
37.833333333333336,
37.86666666666667,
37.9,
37.93333333333333,
37.96666666666667,
38.0,
38.03333333333333,
38.06666666666667,
38.1,
38.13333333333333,
38.166666666666664,
38.2,
38.233333333333334,
38.266666666666666,
38.3,
38.333333333333336,
38.36666666666667,
38.4,
38.43333333333333,
38.46666666666667,
38.5,
38.53333333333333,
38.56666666666667,
38.6,
38.63333333333333,
38.666666666666664,
38.7,
38.733333333333334,
38.766666666666666,
38.8,
38.833333333333336,
38.86666666666667,
38.9,
38.93333333333333,
38.96666666666667,
39.0,
39.03333333333333,
39.06666666666667,
39.1,
39.13333333333333,
39.166666666666664,
39.2,
39.233333333333334,
39.266666666666666,
39.3,
39.333333333333336,
39.36666666666667,
39.4,
39.43333333333333,
39.46666666666667,
39.5,
39.53333333333333,
39.56666666666667,
39.6,
39.63333333333333,
39.666666666666664,
39.7,
39.733333333333334,
39.766666666666666,
39.8,
39.833333333333336,
39.86666666666667,
39.9,
39.93333333333333,
39.96666666666667,
40.0,
40.03333333333333,
40.06666666666667,
40.1,
40.13333333333333,
40.166666666666664,
40.2,
40.233333333333334,
40.266666666666666,
40.3,
40.333333333333336,
40.36666666666667,
40.4,
40.43333333333333,
40.46666666666667,
40.5,
40.53333333333333,
40.56666666666667,
40.6,
40.63333333333333,
40.666666666666664,
40.7,
40.733333333333334,
40.766666666666666,
40.8,
40.833333333333336,
40.86666666666667,
40.9,
40.93333333333333,
40.96666666666667,
41.0,
41.03333333333333,
41.06666666666667,
41.1,
41.13333333333333,
41.166666666666664,
41.2,
41.233333333333334,
41.266666666666666,
41.3,
41.333333333333336,
41.36666666666667,
41.4,
41.43333333333333,
41.46666666666667,
41.5,
41.53333333333333,
41.56666666666667,
41.6,
41.63333333333333,
41.666666666666664,
41.7,
41.733333333333334,
41.766666666666666,
41.8,
41.833333333333336,
41.86666666666667,
41.9,
41.93333333333333,
41.96666666666667,
42.0,
42.03333333333333,
42.06666666666667,
42.1,
42.13333333333333,
42.166666666666664,
42.2,
42.233333333333334,
42.266666666666666,
42.3,
42.333333333333336,
42.36666666666667,
42.4,
42.43333333333333,
42.46666666666667,
42.5,
42.53333333333333,
42.56666666666667,734.1913919408208
42.6,733.7063445275637
42.63333333333333,734.1294163837872
42.666666666666664,734.9789112620851
42.7,
42.733333333333334,
42.766666666666666,
42.8,
42.833333333333336,
42.86666666666667,
42.9,
42.93333333333333,
42.96666666666667,
43.0,
43.03333333333333,
43.06666666666667,
43.1,
43.13333333333333,
43.166666666666664,
43.2,732.9338305740839
43.233333333333334,
43.266666666666666,
43.3,
43.333333333333336,
43.36666666666667,
43.4,
43.43333333333333,
43.46666666666667,
43.5,
43.53333333333333,
43.56666666666667,
43.6,
43.63333333333333,
43.666666666666664,
43.7,
43.733333333333334,
43.766666666666666,
43.8,734.0742469260177
43.833333333333336,734.6128231932792
43.86666666666667,732.693660406585
43.9,728.6514942000737
43.93333333333333,728.6110073283274
43.96666666666667,730.2821372592924
44.0,731.9043653374395
44.03333333333333,731.2489316231512
44.06666666666667,731.1142181629352
44.1,731.5087149173276
44.13333333333333,734.0108991016414
44.166666666666664,732.9529316402247
44.2,735.0782271296029
44.233333333333334,733.5420914985043
44.266666666666666,733.6218371886158
44.3,734.4664730265092
44.333333333333336,733.1609645909962
44.36666666666667,730.7701416998372
44.4,731.0984885772915
44.43333333333333,731.6481394768937
44.46666666666667,730.5258380098544
44.5,731.6419889536138
44.53333333333333,729.5978344266107
44.56666666666667,729.7835295483175
44.6,731.8367304255779
44.63333333333333,732.0382503667414
44.666666666666664,734.5536059403697
44.7,735.2638982025434
44.733333333333334,735.843053918429
44.766666666666666,735.0455768181997
44.8,734.4725998973686
44.833333333333336,735.843053918429
44.86666666666667,735.2638982025434
44.9,737.2713204784247
44.93333333333333,739.0676559016772
44.96666666666667,
45.0,
45.03333333333333,
45.06666666666667,
45.1,
45.13333333333333,
45.166666666666664,
45.2,
45.233333333333334,
45.266666666666666,
45.3,
45.333333333333336,737.5852493102069
45.36666666666667,
45.4,
45.43333333333333,
45.46666666666667,
45.5,
45.53333333333333,
45.56666666666667,
45.6,
45.63333333333333,
45.666666666666664,
45.7,
45.733333333333334,
45.766666666666666,
45.8,
45.833333333333336,
45.86666666666667,
45.9,
45.93333333333333,
45.96666666666667,
46.0,
46.03333333333333,
46.06666666666667,
46.1,
46.13333333333333,
46.166666666666664,
46.2,
46.233333333333334,
46.266666666666666,
46.3,
46.333333333333336,
46.36666666666667,
46.4,
46.43333333333333,
46.46666666666667,
46.5,
46.53333333333333,
46.56666666666667,
46.6,
46.63333333333333,
46.666666666666664,
46.7,
46.733333333333334,
46.766666666666666,
46.8,
46.833333333333336,
46.86666666666667,
46.9,
46.93333333333333,
46.96666666666667,
47.0,
47.03333333333333,
47.06666666666667,
47.1,
47.13333333333333,
47.166666666666664,
47.2,
47.233333333333334,
47.266666666666666,
47.3,
47.333333333333336,
47.36666666666667,
47.4,
47.43333333333333,
47.46666666666667,
47.5,
47.53333333333333,
47.56666666666667,
47.6,
47.63333333333333,
47.666666666666664,
47.7,
47.733333333333334,738.5458685823108
47.766666666666666,
47.8,
47.833333333333336,
47.86666666666667,
47.9,
47.93333333333333,
47.96666666666667,
48.0,
48.03333333333333,
48.06666666666667,
48.1,
48.13333333333333,
48.166666666666664,
48.2,
48.233333333333334,
48.266666666666666,
48.3,
48.333333333333336,
48.36666666666667,
48.4,
48.43333333333333,
48.46666666666667,738.7130701429345
48.5,
48.53333333333333,
48.56666666666667,
48.6,
48.63333333333333,
48.666666666666664,
48.7,738.1659704971505
48.733333333333334,738.7130701429345
48.766666666666666,738.1659704971505
48.8,
48.833333333333336,
48.86666666666667,738.1659704971505
48.9,738.385400722414
48.93333333333333,
48.96666666666667,739.8141658551829
49.0,
49.03333333333333,
49.06666666666667,
49.1,
49.13333333333333,
49.166666666666664,738.5458685823108
49.2,738.7130701429345
49.233333333333334,
49.266666666666666,
49.3,
49.333333333333336,738.7130701429345
49.36666666666667,
49.4,
49.43333333333333,738.0027100221245
49.46666666666667,
49.5,738.7130701429345
49.53333333333333,
49.56666666666667,738.0027100221245
49.6,
49.63333333333333,738.0027100221245
49.666666666666664,
49.7,
49.733333333333334,737.8461899339184
49.766666666666666,
49.8,738.5458685823108
49.833333333333336,
49.86666666666667,738.7130701429345
49.9,
49.93333333333333,
49.96666666666667,
50.0,
50.03333333333333,
50.06666666666667,
50.1,738.1659704971505
50.13333333333333,737.787232201805
50.166666666666664,
50.2,
50.233333333333334,
50.266666666666666,
50.3,
50.333333333333336,
50.36666666666667,738.1659704971505
50.4,738.7130701429345
50.43333333333333,
50.46666666666667,738.3359668877035
50.5,
50.53333333333333,
50.56666666666667,
50.6,738.512694542213
50.63333333333333,738.5458685823108
50.666666666666664,737.6211764855996
50.7,738.385400722414
50.733333333333334,
50.766666666666666,
50.8,
50.833333333333336,738.0027100221245
50.86666666666667,
50.9,
50.93333333333333,738.9269246684681
50.96666666666667,738.512694542213
51.0,
51.03333333333333,
51.06666666666667,
51.1,
51.13333333333333,738.5458685823108
51.166666666666664,737.0786932207442
51.2,
51.233333333333334,737.6211764855996
51.266666666666666,
51.3,
51.333333333333336,
51.36666666666667,
51.4,
51.43333333333333,738.385400722414
51.46666666666667,
51.5,737.0786932207442
51.53333333333333,
51.56666666666667,
51.6,737.8461899339184
51.63333333333333,738.1659704971505
51.666666666666664,
51.7,
51.733333333333334,738.1659704971505
51.766666666666666,
51.8,739.6391011838139
51.833333333333336,
51.86666666666667,
51.9,
51.93333333333333,
51.96666666666667,
52.0,738.5458685823108
52.03333333333333,
52.06666666666667,
52.1,739.1542464195143
52.13333333333333,738.9269246684681
52.166666666666664,
52.2,738.6183046743427
52.233333333333334,
52.266666666666666,738.0846834882838
52.3,737.2875965320453
52.333333333333336,736.5358103989242
52.36666666666667,
52.4,734.8312731505104
52.43333333333333,
52.46666666666667,733.4262062402734
52.5,
52.53333333333333,
52.56666666666667,
52.6,733.648417159064
52.63333333333333,731.79027050105
52.666666666666664,
52.7,732.2656621745963
52.733333333333334,731.79027050105
52.766666666666666,731.3617435988842
52.8,
52.833333333333336,732.6506670985839
52.86666666666667,731.7485907058516
52.9,732.8001091702976
52.93333333333333,
52.96666666666667,733.122772801391
53.0,731.3617435988842
53.03333333333333,732.2656621745963
53.06666666666667,731.79027050105
53.1,731.7485907058516
53.13333333333333,
53.166666666666664,732.1809885540596
53.2,
53.233333333333334,731.79027050105
53.266666666666666,732.2199123214282
53.3,732.6506670985839
53.333333333333336,732.2656621745963
53.36666666666667,731.79027050105
53.4,731.3173045949344
53.43333333333333,731.7485907058516
53.46666666666667,732.2199123214282
53.5,
53.53333333333333,731.79027050105
53.56666666666667,731.3173045949344
53.6,732.2199123214282
53.63333333333333,732.1809885540596
53.666666666666664,731.7485907058516
53.7,
53.733333333333334,733.2843923062866
53.766666666666666,735.6208262413456
53.8,
53.833333333333336,
53.86666666666667,736.7665844757076
53.9,
53.93333333333333,740.9426428543575
53.96666666666667,
54.0,
54.03333333333333,739.3091369650452
54.06666666666667,737.6964145229391
54.1,739.9168872245044
54.13333333333333,739.3862319518805
54.166666666666664,739.6384251781407
54.2,738.9269246684681
54.233333333333334,739.7303562785564
54.266666666666666,740.1688996438584
54.3,740.2229393905595
54.333333333333336,740.6841432081559
54.36666666666667,740.7705447707813
54.4,741.9029586138607
54.43333333333333,
54.46666666666667,
54.5,
54.53333333333333,737.3418474493361
54.56666666666667,737.2285941280358
54.6,
54.63333333333333,740.5997569537814
54.666666666666664,740.5572226371166
54.7,743.5872511010392
54.733333333333334,
54.766666666666666,747.2108136262483
54.8,747.1873928272612
54.833333333333336,745.7995709304209
54.86666666666667,743.2987286414527
54.9,737.8346698278687
54.93333333333333,737.7594458900543
54.96666666666667,738.512694542213
55.0,737.6679469788558
55.03333333333333,733.5400466232229
55.06666666666667,731.79027050105
55.1,
55.13333333333333,
55.166666666666664,
55.2,745.0
55.233333333333334,747.7359159489398
55.266666666666666,751.622910773747
55.3,751.9108989767338
55.333333333333336,742.7785672729121
55.36666666666667,
55.4,
55.43333333333333,721.6675134714046
55.46666666666667,722.7565288532509
55.5,723.8673911705099
55.53333333333333,
55.56666666666667,730.2670744323614
55.6,
55.63333333333333,
55.666666666666664,732.7769101165784
55.7,734.7720735030694
55.733333333333334,734.7720735030694
55.766666666666666,
55.8,736.6444189702383
55.833333333333336,734.7305628596105
55.86666666666667,736.6437402163953
55.9,736.3945953087923
55.93333333333333,737.5703356290843
55.96666666666667,739.2787025202335
56.0,738.3935265155025
56.03333333333333,739.3578294709538
56.06666666666667,739.1156878324259
56.1,741.9070022583693
56.13333333333333,742.9434702586732
56.166666666666664,
56.2,744.2130071424444
56.233333333333334,
56.266666666666666,747.6021669310489
56.3,749.2209286986049
56.333333333333336,749.2002402562348
56.36666666666667,
56.4,751.6515149988059
56.43333333333333,749.6405805451036
56.46666666666667,749.6405805451036
56.5,
56.53333333333333,750.6776938207236
56.56666666666667,751.2895580267304
56.6,750.2492919023649
56.63333333333333,751.9022542857549
56.666666666666664,
56.7,752.1701935067622
56.733333333333334,754.1916202133249
56.766666666666666,755.8862348263791
56.8,759.3312847499436
56.833333333333336,761.7151698633814
56.86666666666667,762.8499197089818
56.9,
56.93333333333333,768.4952830043917
56.96666666666667,769.9045395372078
57.0,773.6827515202856
57.03333333333333,777.604655335859
57.06666666666667,776.3974497639724
57.1,
57.13333333333333,775.8517899702236
57.166666666666664,
57.2,
57.233333333333334,764.7646696860414
57.266666666666666,765.4044682388521
57.3,
57.333333333333336,768.4952830043917
57.36666666666667,773.5767576653269
57.4,
57.43333333333333,777.319110790414
57.46666666666667,
57.5,785.0101910166517
57.53333333333333,784.9464949918561
57.56666666666667,786.1838207442328
57.6,784.1492204931405
57.63333333333333,784.9464949918561
57.666666666666664,787.4446012260164
57.7,786.2982894550897
57.733333333333334,
57.766666666666666,777.4117313238847
57.8,774.6850973137408
57.833333333333336,771.083004611047
57.86666666666667,769.1410793866103
57.9,769.5615634892376
57.93333333333333,769.6733073194107
57.96666666666667,774.2299400049058
58.0,775.5385225764095
58.03333333333333,776.7535001530408
58.06666666666667,776.7535001530408
58.1,770.2116592210222
58.13333333333333,762.9849277672528
58.166666666666664,760.7377997707226
58.2,
58.233333333333334,751.0059919867484
58.266666666666666,751.2017039384295
58.3,
58.333333333333336,750.2013063171778
58.36666666666667,751.8038307963055
58.4,754.8099098448563
58.43333333333333,757.446367738337
58.46666666666667,758.5545464895719
58.5,760.1697178919981
58.53333333333333,762.2138807447684
58.56666666666667,762.0944823314233
58.6,
58.63333333333333,764.61820538096
58.666666666666664,766.344570020562
58.7,767.0104301768001
58.733333333333334,768.6676785191374
58.766666666666666,771.2146264173158
58.8,771.8063228556761
58.833333333333336,773.7040777971898
58.86666666666667,774.3080782220989
58.9,776.4045337322548
58.93333333333333,779.3356144819766
58.96666666666667,780.97375115941
59.0,780.3774727655841
59.03333333333333,782.2512384138487
59.06666666666667,782.3918455607778
59.1,782.2135258354972
59.13333333333333,782.7962697918277
59.166666666666664,784.7611101475404
59.2,785.5246654306916
59.233333333333334,785.5246654306916
59.266666666666666,784.6451427237665
59.3,784.7611101475404
59.333333333333336,784.4208054354499
59.36666666666667,782.3918455607778
59.4,
59.43333333333333,
59.46666666666667,
59.5,
59.53333333333333,
59.56666666666667,
59.6,
59.63333333333333,
59.666666666666664,
59.7,
59.733333333333334,
59.766666666666666,
59.8,
59.833333333333336,
59.86666666666667,
59.9,
59.93333333333333,
59.96666666666667,
60.0,
60.03333333333333,
60.06666666666667,
60.1,
60.13333333333333,
60.166666666666664,
60.2,
60.233333333333334,
60.266666666666666,
60.3,
60.333333333333336,
60.36666666666667,
60.4,
60.43333333333333,
60.46666666666667,
60.5,
60.53333333333333,
60.56666666666667,
60.6,
60.63333333333333,
60.666666666666664,
60.7,
60.733333333333334,
60.766666666666666,
60.8,
60.833333333333336,
60.86666666666667,
60.9,
60.93333333333333,
60.96666666666667,
61.0,
61.03333333333333,
61.06666666666667,
61.1,
61.13333333333333,
61.166666666666664,
61.2,
61.233333333333334,
61.266666666666666,
61.3,
61.333333333333336,
61.36666666666667,
61.4,
61.43333333333333,
61.46666666666667,
61.5,
61.53333333333333,
61.56666666666667,
61.6,
61.63333333333333,
61.666666666666664,
61.7,
61.733333333333334,
61.766666666666666,
61.8,
61.833333333333336,
61.86666666666667,
61.9,
61.93333333333333,
61.96666666666667,
62.0,
62.03333333333333,
62.06666666666667,
62.1,
62.13333333333333,
62.166666666666664,
62.2,
62.233333333333334,
62.266666666666666,
62.3,
62.333333333333336,
62.36666666666667,
62.4,
62.43333333333333,
62.46666666666667,
62.5,
62.53333333333333,
62.56666666666667,
62.6,
62.63333333333333,
62.666666666666664,
62.7,
62.733333333333334,
62.766666666666666,
62.8,
62.833333333333336,
62.86666666666667,
62.9,
62.93333333333333,
62.96666666666667,
63.0,
63.03333333333333,
63.06666666666667,
63.1,
63.13333333333333,
63.166666666666664,
63.2,
63.233333333333334,
63.266666666666666,
63.3,
63.333333333333336,
63.36666666666667,
63.4,
63.43333333333333,
63.46666666666667,
63.5,
63.53333333333333,
63.56666666666667,
63.6,
63.63333333333333,
63.666666666666664,
63.7,
63.733333333333334,
63.766666666666666,
63.8,
63.833333333333336,
63.86666666666667,
63.9,
63.93333333333333,
63.96666666666667,
64.0,
64.03333333333333,
64.06666666666666,
64.1,
64.13333333333334,
64.16666666666667,
64.2,
64.23333333333333,
64.26666666666667,
64.3,
64.33333333333333,
64.36666666666666,
64.4,
64.43333333333334,
64.46666666666667,
64.5,
64.53333333333333,
64.56666666666666,
64.6,
64.63333333333334,
64.66666666666667,
64.7,
64.73333333333333,
64.76666666666667,
64.8,
64.83333333333333,
64.86666666666666,
64.9,
64.93333333333334,
64.96666666666667,
65.0,
65.03333333333333,
65.06666666666666,
65.1,
65.13333333333334,
65.16666666666667,
65.2,
65.23333333333333,
65.26666666666667,
65.3,
65.33333333333333,
65.36666666666666,
65.4,
65.43333333333334,
65.46666666666667,
65.5,
65.53333333333333,
65.56666666666666,
65.6,
65.63333333333334,
65.66666666666667,
65.7,
65.73333333333333,
65.76666666666667,
65.8,
65.83333333333333,
65.86666666666666,
65.9,
65.93333333333334,
65.96666666666667,
66.0,
66.03333333333333,
66.06666666666666,
66.1,
66.13333333333334,
66.16666666666667,
66.2,
66.23333333333333,
66.26666666666667,
66.3,
66.33333333333333,
66.36666666666666,
66.4,
66.43333333333334,
66.46666666666667,
66.5,
66.53333333333333,
66.56666666666666,
66.6,
66.63333333333334,
66.66666666666667,
66.7,
66.73333333333333,
66.76666666666667,
66.8,
66.83333333333333,
66.86666666666666,
66.9,
66.93333333333334,
66.96666666666667,
67.0,
67.03333333333333,
67.06666666666666,
67.1,
67.13333333333334,
67.16666666666667,
67.2,
67.23333333333333,
67.26666666666667,
67.3,
67.33333333333333,
67.36666666666666,
67.4,
67.43333333333334,
67.46666666666667,
67.5,
67.53333333333333,
67.56666666666666,
67.6,
67.63333333333334,
67.66666666666667,
67.7,
67.73333333333333,
67.76666666666667,
67.8,
67.83333333333333,
67.86666666666666,
67.9,
67.93333333333334,
67.96666666666667,
68.0,
68.03333333333333,
68.06666666666666,
68.1,
68.13333333333334,
68.16666666666667,
68.2,
68.23333333333333,
68.26666666666667,
68.3,
68.33333333333333,
68.36666666666666,
68.4,
68.43333333333334,
68.46666666666667,
68.5,
68.53333333333333,
68.56666666666666,
68.6,
68.63333333333334,
68.66666666666667,
68.7,
68.73333333333333,
68.76666666666667,
68.8,
68.83333333333333,
68.86666666666666,702.1595260337924
68.9,715.964384589066
68.93333333333334,762.7168544092887
68.96666666666667,768.0585915149964
69.0,773.5244016836185
69.03333333333333,775.6042805451759
69.06666666666666,775.6545622891675
69.1,774.4707870539728
69.13333333333334,778.2294006268331
69.16666666666667,789.860747220673
69.2,788.083751894429
69.23333333333333,766.5050554301648
69.26666666666667,704.9652473703934
69.3,687.0516720014587
69.33333333333333,675.1666460956139
69.36666666666666,672.4076144720552
69.4,672.7295147382788
69.43333333333334,671.4715183833191
69.46666666666667,681.237109969796
69.5,
69.53333333333333,
69.56666666666666,
69.6,
69.63333333333334,
69.66666666666667,
69.7,
69.73333333333333,
69.76666666666667,
69.8,
69.83333333333333,
69.86666666666666,
69.9,
69.93333333333334,
69.96666666666667,
70.0,
70.03333333333333,
70.06666666666666,
70.1,
70.13333333333334,
70.16666666666667,
70.2,
70.23333333333333,
70.26666666666667,
70.3,
70.33333333333333,
70.36666666666666,
70.4,
70.43333333333334,
70.46666666666667,
70.5,
70.53333333333333,
70.56666666666666,
70.6,
70.63333333333334,
70.66666666666667,
70.7,
70.73333333333333,
70.76666666666667,
70.8,
70.83333333333333,
70.86666666666666,
70.9,
70.93333333333334,
70.96666666666667,
71.0,
71.03333333333333,
71.06666666666666,
71.1,
71.13333333333334,
71.16666666666667,
71.2,
71.23333333333333,
71.26666666666667,
71.3,
71.33333333333333,
71.36666666666666,
71.4,
71.43333333333334,
71.46666666666667,
71.5,
71.53333333333333,
71.56666666666666,
71.6,
71.63333333333334,
71.66666666666667,
71.7,
71.73333333333333,
71.76666666666667,
71.8,
71.83333333333333,
71.86666666666666,
71.9,
71.93333333333334,
71.96666666666667,
72.0,
72.03333333333333,
72.06666666666666,
72.1,
72.13333333333334,
72.16666666666667,
72.2,
72.23333333333333,
72.26666666666667,
72.3,
72.33333333333333,
72.36666666666666,
72.4,
72.43333333333334,
72.46666666666667,
72.5,
72.53333333333333,
72.56666666666666,
72.6,
72.63333333333334,
72.66666666666667,
72.7,
72.73333333333333,
72.76666666666667,
72.8,
72.83333333333333,
72.86666666666666,
72.9,
72.93333333333334,
72.96666666666667,
73.0,
73.03333333333333,
73.06666666666666,
73.1,
73.13333333333334,
73.16666666666667,
73.2,
73.23333333333333,
73.26666666666667,
73.3,
73.33333333333333,
73.36666666666666,
73.4,
73.43333333333334,
73.46666666666667,
73.5,
73.53333333333333,
73.56666666666666,
73.6,
73.63333333333334,
73.66666666666667,
73.7,
73.73333333333333,
73.76666666666667,
73.8,
73.83333333333333,
73.86666666666666,
73.9,
73.93333333333334,
73.96666666666667,
74.0,
74.03333333333333,
74.06666666666666,
74.1,
74.13333333333334,
74.16666666666667,
74.2,
74.23333333333333,
74.26666666666667,
74.3,
74.33333333333333,
74.36666666666666,
74.4,
74.43333333333334,
74.46666666666667,
74.5,
74.53333333333333,
74.56666666666666,
74.6,
74.63333333333334,
74.66666666666667,
74.7,
74.73333333333333,
74.76666666666667,
74.8,
74.83333333333333,
74.86666666666666,
74.9,
74.93333333333334,
74.96666666666667,
75.0,
75.03333333333333,
75.06666666666666,
75.1,
75.13333333333334,
75.16666666666667,
75.2,
75.23333333333333,
75.26666666666667,
75.3,
75.33333333333333,
75.36666666666666,
75.4,
75.43333333333334,
75.46666666666667,
75.5,
75.53333333333333,
75.56666666666666,
75.6,
75.63333333333334,
75.66666666666667,
75.7,
75.73333333333333,
75.76666666666667,
75.8,
75.83333333333333,
75.86666666666666,
75.9,
75.93333333333334,
75.96666666666667,
76.0,
76.03333333333333,
76.06666666666666,
76.1,
76.13333333333334,
76.16666666666667,
76.2,
76.23333333333333,
76.26666666666667,
76.3,
76.33333333333333,
76.36666666666666,
76.4,
76.43333333333334,
76.46666666666667,
76.5,
76.53333333333333,
76.56666666666666,
76.6,
76.63333333333334,
76.66666666666667,
76.7,
76.73333333333333,
76.76666666666667,
76.8,
76.83333333333333,
76.86666666666666,
76.9,
76.93333333333334,
76.96666666666667,
77.0,
77.03333333333333,
77.06666666666666,
77.1,
77.13333333333334,
77.16666666666667,
77.2,
77.23333333333333,
77.26666666666667,
77.3,
77.33333333333333,
77.36666666666666,
77.4,
77.43333333333334,
77.46666666666667,
77.5,
77.53333333333333,
77.56666666666666,
77.6,
77.63333333333334,
77.66666666666667,
77.7,
77.73333333333333,
77.76666666666667,
77.8,
77.83333333333333,
77.86666666666666,
77.9,
77.93333333333334,
77.96666666666667,
78.0,
78.03333333333333,
78.06666666666666,
78.1,
78.13333333333334,
78.16666666666667,
78.2,
78.23333333333333,
78.26666666666667,
78.3,
78.33333333333333,
78.36666666666666,
78.4,
78.43333333333334,
78.46666666666667,
78.5,
78.53333333333333,
78.56666666666666,
78.6,
78.63333333333334,
78.66666666666667,
78.7,
78.73333333333333,
78.76666666666667,
78.8,
78.83333333333333,
78.86666666666666,
78.9,
78.93333333333334,
78.96666666666667,
79.0,
79.03333333333333,
79.06666666666666,
79.1,
79.13333333333334,
79.16666666666667,
79.2,
79.23333333333333,
79.26666666666667,
79.3,
79.33333333333333,
79.36666666666666,
79.4,
79.43333333333334,
79.46666666666667,
79.5,
79.53333333333333,
79.56666666666666,
79.6,
79.63333333333334,
79.66666666666667,
79.7,
79.73333333333333,
79.76666666666667,
79.8,
79.83333333333333,
79.86666666666666,
79.9,
79.93333333333334,
79.96666666666667,
80.0,
80.03333333333333,
80.06666666666666,
80.1,
80.13333333333334,
80.16666666666667,
80.2,
80.23333333333333,
80.26666666666667,
80.3,
80.33333333333333,
80.36666666666666,
80.4,
80.43333333333334,
80.46666666666667,
80.5,
80.53333333333333,
80.56666666666666,
80.6,
80.63333333333334,
80.66666666666667,
80.7,
80.73333333333333,
80.76666666666667,
80.8,
80.83333333333333,
80.86666666666666,
80.9,
80.93333333333334,
80.96666666666667,
81.0,
81.03333333333333,
81.06666666666666,
81.1,
81.13333333333334,
81.16666666666667,
81.2,
81.23333333333333,
81.26666666666667,
81.3,
81.33333333333333,
81.36666666666666,
81.4,
81.43333333333334,
81.46666666666667,
81.5,
81.53333333333333,
81.56666666666666,
81.6,
81.63333333333334,
81.66666666666667,
81.7,
81.73333333333333,
81.76666666666667,
81.8,
81.83333333333333,
81.86666666666666,
81.9,
81.93333333333334,
81.96666666666667,
82.0,
82.03333333333333,
82.06666666666666,
82.1,
82.13333333333334,
82.16666666666667,
82.2,
82.23333333333333,
82.26666666666667,
82.3,
82.33333333333333,
82.36666666666666,
82.4,
82.43333333333334,
82.46666666666667,
82.5,
82.53333333333333,
82.56666666666666,
82.6,
82.63333333333334,
82.66666666666667,
82.7,
82.73333333333333,
82.76666666666667,
82.8,
82.83333333333333,
82.86666666666666,
82.9,
82.93333333333334,
82.96666666666667,
83.0,
83.03333333333333,
83.06666666666666,
83.1,
83.13333333333334,
83.16666666666667,
83.2,
83.23333333333333,
83.26666666666667,
83.3,
83.33333333333333,
83.36666666666666,
83.4,
83.43333333333334,
83.46666666666667,
83.5,
83.53333333333333,
83.56666666666666,
83.6,
83.63333333333334,
83.66666666666667,
83.7,
83.73333333333333,
83.76666666666667,
83.8,
83.83333333333333,
83.86666666666666,
83.9,
83.93333333333334,
83.96666666666667,
84.0,
84.03333333333333,
84.06666666666666,
84.1,
84.13333333333334,
84.16666666666667,
84.2,
84.23333333333333,
84.26666666666667,
84.3,
84.33333333333333,
84.36666666666666,
84.4,
84.43333333333334,
84.46666666666667,
84.5,
84.53333333333333,
84.56666666666666,
84.6,
84.63333333333334,
84.66666666666667,
84.7,
84.73333333333333,
84.76666666666667,
84.8,
84.83333333333333,
84.86666666666666,
84.9,
84.93333333333334,
84.96666666666667,
85.0,
85.03333333333333,
85.06666666666666,
85.1,
85.13333333333334,
85.16666666666667,
85.2,
85.23333333333333,
85.26666666666667,
85.3,
85.33333333333333,
85.36666666666666,
85.4,
85.43333333333334,
85.46666666666667,
85.5,
85.53333333333333,
85.56666666666666,
85.6,
85.63333333333334,
85.66666666666667,
85.7,
85.73333333333333,
85.76666666666667,
85.8,
85.83333333333333,
85.86666666666666,
85.9,
85.93333333333334,
85.96666666666667,
86.0,
86.03333333333333,
86.06666666666666,
86.1,
86.13333333333334,
86.16666666666667,
86.2,
86.23333333333333,
86.26666666666667,
86.3,
86.33333333333333,
86.36666666666666,
86.4,
86.43333333333334,
86.46666666666667,
86.5,
86.53333333333333,
86.56666666666666,
86.6,
86.63333333333334,
86.66666666666667,
86.7,
86.73333333333333,
86.76666666666667,
86.8,
86.83333333333333,
86.86666666666666,
86.9,
86.93333333333334,
86.96666666666667,
87.0,
87.03333333333333,
87.06666666666666,
87.1,
87.13333333333334,
87.16666666666667,
87.2,
87.23333333333333,
87.26666666666667,
87.3,
87.33333333333333,
87.36666666666666,
87.4,
87.43333333333334,
87.46666666666667,
87.5,
87.53333333333333,
87.56666666666666,
87.6,
87.63333333333334,
87.66666666666667,
87.7,
87.73333333333333,
87.76666666666667,
87.8,
87.83333333333333,
87.86666666666666,
87.9,
87.93333333333334,
87.96666666666667,
88.0,
88.03333333333333,
88.06666666666666,
88.1,
88.13333333333334,
88.16666666666667,
88.2,
88.23333333333333,
88.26666666666667,
88.3,
88.33333333333333,
88.36666666666666,
88.4,
88.43333333333334,
88.46666666666667,
88.5,
88.53333333333333,
88.56666666666666,
88.6,
88.63333333333334,
88.66666666666667,
88.7,
88.73333333333333,
88.76666666666667,
88.8,
88.83333333333333,
88.86666666666666,
88.9,
88.93333333333334,
88.96666666666667,
89.0,
89.03333333333333,
89.06666666666666,
89.1,
89.13333333333334,
89.16666666666667,
89.2,
89.23333333333333,
89.26666666666667,
89.3,
89.33333333333333,
89.36666666666666,
89.4,
89.43333333333334,
89.46666666666667,
89.5,
89.53333333333333,
89.56666666666666,
89.6,
89.63333333333334,
89.66666666666667,
89.7,
89.73333333333333,
89.76666666666667,
89.8,
89.83333333333333,
89.86666666666666,
89.9,
89.93333333333334,
89.96666666666667,
90.0,
90.03333333333333,
90.06666666666666,
90.1,
90.13333333333334,
90.16666666666667,
90.2,
90.23333333333333,
90.26666666666667,
90.3,
90.33333333333333,
90.36666666666666,
90.4,
90.43333333333334,
90.46666666666667,
90.5,
90.53333333333333,
90.56666666666666,
90.6,
90.63333333333334,
90.66666666666667,
90.7,
90.73333333333333,
90.76666666666667,
90.8,
90.83333333333333,
90.86666666666666,
90.9,
90.93333333333334,
90.96666666666667,
91.0,
91.03333333333333,
91.06666666666666,
91.1,
91.13333333333334,
91.16666666666667,
91.2,
91.23333333333333,
91.26666666666667,
91.3,
91.33333333333333,
91.36666666666666,
91.4,
91.43333333333334,
91.46666666666667,
91.5,
91.53333333333333,
91.56666666666666,
91.6,
91.63333333333334,
91.66666666666667,
91.7,
91.73333333333333,
91.76666666666667,
91.8,
91.83333333333333,
91.86666666666666,
91.9,
91.93333333333334,
91.96666666666667,
92.0,
92.03333333333333,
92.06666666666666,
92.1,
92.13333333333334,
92.16666666666667,
92.2,
92.23333333333333,
92.26666666666667,
92.3,
92.33333333333333,
92.36666666666666,
92.4,
92.43333333333334,
92.46666666666667,
92.5,
92.53333333333333,
92.56666666666666,
92.6,
92.63333333333334,
92.66666666666667,
92.7,
92.73333333333333,
92.76666666666667,
92.8,
92.83333333333333,
92.86666666666666,
92.9,
92.93333333333334,
92.96666666666667,
93.0,
93.03333333333333,
93.06666666666666,
93.1,
93.13333333333334,
93.16666666666667,
93.2,
93.23333333333333,
93.26666666666667,
93.3,
93.33333333333333,
93.36666666666666,
93.4,
93.43333333333334,
93.46666666666667,
93.5,
93.53333333333333,
93.56666666666666,
93.6,
93.63333333333334,
93.66666666666667,
93.7,
93.73333333333333,
93.76666666666667,
93.8,
93.83333333333333,
93.86666666666666,
93.9,
93.93333333333334,
93.96666666666667,
94.0,
94.03333333333333,
94.06666666666666,
94.1,
94.13333333333334,
94.16666666666667,
94.2,
94.23333333333333,
94.26666666666667,
94.3,
94.33333333333333,
94.36666666666666,
94.4,
94.43333333333334,
94.46666666666667,
94.5,
94.53333333333333,
94.56666666666666,
94.6,
94.63333333333334,
94.66666666666667,
94.7,
94.73333333333333,
94.76666666666667,
94.8,
94.83333333333333,
94.86666666666666,
94.9,
94.93333333333334,
94.96666666666667,
95.0,
95.03333333333333,
95.06666666666666,
95.1,
95.13333333333334,
95.16666666666667,
95.2,
95.23333333333333,
95.26666666666667,
95.3,
95.33333333333333,
95.36666666666666,
95.4,
95.43333333333334,
95.46666666666667,
95.5,
95.53333333333333,
95.56666666666666,
95.6,
95.63333333333334,
95.66666666666667,
95.7,
95.73333333333333,
95.76666666666667,
95.8,
95.83333333333333,
95.86666666666666,
95.9,
95.93333333333334,
95.96666666666667,
96.0,
96.03333333333333,
96.06666666666666,
96.1,
96.13333333333334,
96.16666666666667,
96.2,
96.23333333333333,
96.26666666666667,
96.3,
96.33333333333333,
96.36666666666666,
96.4,
96.43333333333334,
96.46666666666667,
96.5,
96.53333333333333,
96.56666666666666,
96.6,
96.63333333333334,
96.66666666666667,
96.7,
96.73333333333333,
96.76666666666667,
96.8,
96.83333333333333,
96.86666666666666,
96.9,
96.93333333333334,
96.96666666666667,
97.0,
97.03333333333333,
97.06666666666666,
97.1,
97.13333333333334,
97.16666666666667,
97.2,
97.23333333333333,
97.26666666666667,
97.3,
97.33333333333333,
97.36666666666666,
97.4,
97.43333333333334,
97.46666666666667,
97.5,
97.53333333333333,
97.56666666666666,
97.6,
97.63333333333334,
97.66666666666667,
97.7,
97.73333333333333,
97.76666666666667,
97.8,
97.83333333333333,
97.86666666666666,
97.9,
97.93333333333334,
97.96666666666667,
98.0,
98.03333333333333,
98.06666666666666,
98.1,
98.13333333333334,
98.16666666666667,
98.2,
98.23333333333333,
98.26666666666667,
98.3,
98.33333333333333,
98.36666666666666,
98.4,
98.43333333333334,
98.46666666666667,
98.5,
98.53333333333333,
98.56666666666666,
98.6,
98.63333333333334,
98.66666666666667,
98.7,
98.73333333333333,
98.76666666666667,
98.8,
98.83333333333333,
98.86666666666666,
98.9,
98.93333333333334,
98.96666666666667,
99.0,
99.03333333333333,
99.06666666666666,
99.1,
99.13333333333334,
99.16666666666667,
99.2,
99.23333333333333,
99.26666666666667,
99.3,
99.33333333333333,
99.36666666666666,
99.4,
99.43333333333334,
99.46666666666667,
99.5,
99.53333333333333,
99.56666666666666,
99.6,
99.63333333333334,
99.66666666666667,
99.7,
99.73333333333333,
99.76666666666667,
99.8,
99.83333333333333,
99.86666666666666,
99.9,
99.93333333333334,
99.96666666666667,
100.0,
100.03333333333333,
100.06666666666666,
100.1,
100.13333333333334,
100.16666666666667,
100.2,
100.23333333333333,
100.26666666666667,
100.3,
100.33333333333333,
100.36666666666666,
100.4,
100.43333333333334,
100.46666666666667,
100.5,
100.53333333333333,
100.56666666666666,
100.6,
100.63333333333334,
100.66666666666667,
100.7,
100.73333333333333,
100.76666666666667,
100.8,
100.83333333333333,
100.86666666666666,
100.9,
100.93333333333334,
100.96666666666667,
101.0,
101.03333333333333,
101.06666666666666,
101.1,
101.13333333333334,
101.16666666666667,
101.2,
101.23333333333333,
101.26666666666667,
101.3,
101.33333333333333,
101.36666666666666,
101.4,
101.43333333333334,
101.46666666666667,
101.5,
101.53333333333333,
101.56666666666666,
101.6,
101.63333333333334,
101.66666666666667,
101.7,
101.73333333333333,
101.76666666666667,
101.8,
101.83333333333333,
101.86666666666666,
101.9,
101.93333333333334,
101.96666666666667,
102.0,
102.03333333333333,
102.06666666666666,
102.1,
102.13333333333334,
102.16666666666667,
102.2,
102.23333333333333,
102.26666666666667,
102.3,
102.33333333333333,
102.36666666666666,
102.4,
102.43333333333334,
102.46666666666667,
102.5,
102.53333333333333,
102.56666666666666,
102.6,
102.63333333333334,
102.66666666666667,
102.7,
102.73333333333333,
102.76666666666667,
102.8,
102.83333333333333,
102.86666666666666,
102.9,
102.93333333333334,
102.96666666666667,
103.0,
103.03333333333333,
103.06666666666666,
103.1,
103.13333333333334,
103.16666666666667,
103.2,
103.23333333333333,
103.26666666666667,
103.3,
103.33333333333333,
103.36666666666666,
103.4,
103.43333333333334,
103.46666666666667,
103.5,
103.53333333333333,
103.56666666666666,
103.6,
103.63333333333334,
103.66666666666667,
103.7,
103.73333333333333,
103.76666666666667,
103.8,
103.83333333333333,
103.86666666666666,
103.9,
103.93333333333334,
103.96666666666667,
104.0,
104.03333333333333,
104.06666666666666,
104.1,
104.13333333333334,
104.16666666666667,
104.2,
104.23333333333333,
104.26666666666667,
104.3,
104.33333333333333,
104.36666666666666,
104.4,
104.43333333333334,
104.46666666666667,
104.5,
104.53333333333333,
104.56666666666666,
104.6,
104.63333333333334,
104.66666666666667,
104.7,
104.73333333333333,
104.76666666666667,
104.8,
104.83333333333333,
104.86666666666666,
104.9,
104.93333333333334,
104.96666666666667,
105.0,
105.03333333333333,
105.06666666666666,
105.1,
105.13333333333334,
105.16666666666667,
105.2,
105.23333333333333,
105.26666666666667,
105.3,
105.33333333333333,
105.36666666666666,
105.4,
105.43333333333334,
105.46666666666667,
105.5,
105.53333333333333,
105.56666666666666,
105.6,
105.63333333333334,
105.66666666666667,
105.7,
105.73333333333333,
105.76666666666667,
105.8,
105.83333333333333,
105.86666666666666,
105.9,
105.93333333333334,
105.96666666666667,
106.0,
106.03333333333333,
106.06666666666666,
106.1,
106.13333333333334,
106.16666666666667,
106.2,
106.23333333333333,
106.26666666666667,
106.3,
106.33333333333333,
106.36666666666666,
106.4,
106.43333333333334,
106.46666666666667,
106.5,
106.53333333333333,
106.56666666666666,
106.6,
106.63333333333334,
106.66666666666667,
106.7,
106.73333333333333,
106.76666666666667,
106.8,
106.83333333333333,
106.86666666666666,
106.9,
106.93333333333334,
106.96666666666667,
107.0,
107.03333333333333,
107.06666666666666,
107.1,
107.13333333333334,
107.16666666666667,
107.2,
107.23333333333333,
107.26666666666667,
107.3,
107.33333333333333,
107.36666666666666,
107.4,
107.43333333333334,
107.46666666666667,
107.5,
107.53333333333333,
107.56666666666666,
107.6,
107.63333333333334,
107.66666666666667,
107.7,
107.73333333333333,
107.76666666666667,
107.8,
107.83333333333333,
107.86666666666666,
107.9,
107.93333333333334,
107.96666666666667,
108.0,
108.03333333333333,
108.06666666666666,
108.1,
108.13333333333334,
108.16666666666667,
108.2,
108.23333333333333,
108.26666666666667,
108.3,
108.33333333333333,
108.36666666666666,
108.4,
108.43333333333334,
108.46666666666667,
108.5,
108.53333333333333,
108.56666666666666,
108.6,
108.63333333333334,
108.66666666666667,
108.7,
108.73333333333333,
108.76666666666667,
108.8,
108.83333333333333,
108.86666666666666,
108.9,
108.93333333333334,
108.96666666666667,
109.0,
109.03333333333333,
109.06666666666666,
109.1,
109.13333333333334,
109.16666666666667,
109.2,
109.23333333333333,
109.26666666666667,
109.3,
109.33333333333333,
109.36666666666666,
109.4,
109.43333333333334,
109.46666666666667,
109.5,
109.53333333333333,
109.56666666666666,
109.6,
109.63333333333334,
109.66666666666667,
109.7,
109.73333333333333,
109.76666666666667,
109.8,
109.83333333333333,
109.86666666666666,
109.9,
109.93333333333334,
109.96666666666667,
110.0,
110.03333333333333,
110.06666666666666,
110.1,
110.13333333333334,
110.16666666666667,
110.2,
110.23333333333333,
110.26666666666667,
110.3,
110.33333333333333,
110.36666666666666,
110.4,
110.43333333333334,
110.46666666666667,
110.5,
110.53333333333333,
110.56666666666666,
110.6,
110.63333333333334,
110.66666666666667,
110.7,
110.73333333333333,
110.76666666666667,
110.8,
110.83333333333333,
110.86666666666666,
110.9,
110.93333333333334,
110.96666666666667,
111.0,
111.03333333333333,
111.06666666666666,
111.1,
111.13333333333334,
111.16666666666667,
111.2,
111.23333333333333,
111.26666666666667,
111.3,
111.33333333333333,
111.36666666666666,
111.4,
111.43333333333334,
111.46666666666667,
111.5,
111.53333333333333,
111.56666666666666,
111.6,
111.63333333333334,
111.66666666666667,
111.7,
111.73333333333333,
111.76666666666667,
111.8,
111.83333333333333,
111.86666666666666,
111.9,
111.93333333333334,
111.96666666666667,
112.0,
112.03333333333333,
112.06666666666666,
112.1,
112.13333333333334,
112.16666666666667,
112.2,
112.23333333333333,
112.26666666666667,
112.3,
112.33333333333333,
112.36666666666666,
112.4,
112.43333333333334,
112.46666666666667,
112.5,
112.53333333333333,
112.56666666666666,
112.6,
112.63333333333334,
112.66666666666667,
112.7,
112.73333333333333,
112.76666666666667,
112.8,
112.83333333333333,
112.86666666666666,
112.9,
112.93333333333334,
112.96666666666667,
113.0,
113.03333333333333,
113.06666666666666,
113.1,
113.13333333333334,
113.16666666666667,
113.2,
113.23333333333333,
113.26666666666667,
113.3,
113.33333333333333,
113.36666666666666,
113.4,
113.43333333333334,
113.46666666666667,
113.5,
113.53333333333333,
113.56666666666666,
113.6,
113.63333333333334,
113.66666666666667,
113.7,
113.73333333333333,
113.76666666666667,
113.8,
113.83333333333333,
113.86666666666666,
113.9,
113.93333333333334,
113.96666666666667,
114.0,
114.03333333333333,
114.06666666666666,
114.1,
114.13333333333334,
114.16666666666667,
114.2,
114.23333333333333,
114.26666666666667,
114.3,
114.33333333333333,
114.36666666666666,
114.4,
114.43333333333334,
114.46666666666667,
114.5,
114.53333333333333,
114.56666666666666,
114.6,
114.63333333333334,
114.66666666666667,
114.7,
114.73333333333333,
114.76666666666667,
114.8,
114.83333333333333,
114.86666666666666,
114.9,
114.93333333333334,
114.96666666666667,
115.0,
115.03333333333333,
115.06666666666666,
115.1,
115.13333333333334,
115.16666666666667,
115.2,
115.23333333333333,
115.26666666666667,
115.3,
115.33333333333333,
115.36666666666666,
115.4,
115.43333333333334,
115.46666666666667,
115.5,
115.53333333333333,
115.56666666666666,
115.6,
115.63333333333334,
115.66666666666667,
115.7,
115.73333333333333,
115.76666666666667,
115.8,
115.83333333333333,
115.86666666666666,
115.9,
115.93333333333334,
115.96666666666667,
116.0,
116.03333333333333,
116.06666666666666,
116.1,
116.13333333333334,
116.16666666666667,
116.2,
116.23333333333333,
116.26666666666667,
116.3,
116.33333333333333,
116.36666666666666,
116.4,
116.43333333333334,
116.46666666666667,
116.5,
116.53333333333333,
116.56666666666666,
116.6,
116.63333333333334,
116.66666666666667,
116.7,
116.73333333333333,
116.76666666666667,
116.8,
116.83333333333333,
116.86666666666666,
116.9,
116.93333333333334,
116.96666666666667,
117.0,
117.03333333333333,
117.06666666666666,
117.1,
117.13333333333334,
117.16666666666667,
117.2,
117.23333333333333,
117.26666666666667,
117.3,
117.33333333333333,
117.36666666666666,
117.4,
117.43333333333334,
117.46666666666667,
117.5,
117.53333333333333,
117.56666666666666,
117.6,
117.63333333333334,
117.66666666666667,
117.7,
117.73333333333333,
117.76666666666667,
117.8,
117.83333333333333,
117.86666666666666,
117.9,
117.93333333333334,
117.96666666666667,
118.0,
118.03333333333333,
118.06666666666666,
118.1,
118.13333333333334,
118.16666666666667,
118.2,
118.23333333333333,
118.26666666666667,
118.3,
118.33333333333333,
118.36666666666666,
118.4,
118.43333333333334,
118.46666666666667,
118.5,
118.53333333333333,
118.56666666666666,
118.6,
118.63333333333334,
118.66666666666667,
118.7,
118.73333333333333,
118.76666666666667,
118.8,
118.83333333333333,
118.86666666666666,
118.9,
118.93333333333334,
118.96666666666667,
119.0,
119.03333333333333,
119.06666666666666,
119.1,
119.13333333333334,
119.16666666666667,
119.2,
119.23333333333333,
119.26666666666667,
119.3,
119.33333333333333,
119.36666666666666,
